seed,strategy,subset_id,exact_target_risk,empirical_target_mse,mc_relative_error,regret_to_global_optimum,relative_regret,gain_vs_random_average
0,exact,15,0.19252845698561374,0.19172713288792143,0.004162107307348314,0.0,0.0,0.13933841257948446
0,pure_geometry,20,0.20836981045083874,0.205826417907435,0.012206147032052004,0.015841353465225,0.08228058185917275,0.12349705911425946
0,adequacy_only,12,0.22627490625138993,0.2243923590806974,0.008319734617859172,0.03374644926577619,0.17528031852609627,0.10559196331370826
1,exact,101,0.5216168169728952,0.5223501487689033,0.0014058821957924003,0.0,0.0,0.2344618428505404
1,pure_geometry,56,0.6934845773061755,0.704203859976877,0.015457132027853072,0.17186776033328033,0.3294904511144454,0.06259408251726006
1,adequacy_only,11,0.7699135371889972,0.7698396655957634,9.59479079995247e-05,0.24829672021610205,0.4760136409271565,-0.01383487736556166
2,exact,23,0.2637397725702924,0.2640237758902343,0.0010768315949244642,0.0,0.0,0.07249941010296568
2,pure_geometry,23,0.2637397725702924,0.2638996334473075,0.000606131094514677,0.0,0.0,0.07249941010296568
2,adequacy_only,106,0.34300927092852174,0.34167335644253827,0.003894689150433648,0.07926949835822933,0.3005595158655954,-0.006770088255263651
3,exact,19,0.3317981292843225,0.3325329969986432,0.0022148036696462733,0.0,0.0,0.33873773971348653
3,pure_geometry,115,0.4163007626357331,0.42046304513663346,0.009998258169280301,0.08450263335141062,0.2546808613227567,0.2542351063620759
3,adequacy_only,96,1.3998927438015376,1.4125175647265695,0.009018420147495055,1.0680946145172152,3.2191098148173998,-0.7293568748037286
4,exact,8,1.17579089886746,1.170733428966269,0.004301334451612417,0.0,0.0,0.19758585061047507
4,pure_geometry,67,1.1821654126287915,1.1649549081565411,0.014558457123169605,0.006374513761331579,0.005421468874671209,0.1912113368491435
4,adequacy_only,70,1.3765213853020832,1.3858470662928715,0.006774817369612949,0.20073048643462332,0.1707195442896947,-0.0031446358241482564
5,exact,101,0.6076855564286013,0.6048310505795452,0.0046973402919631415,0.0,0.0,0.2696659082343106
5,pure_geometry,101,0.6076855564286013,0.6127182900281882,0.00828180552647083,0.0,0.0,0.2696659082343106
5,adequacy_only,113,0.8141035761915532,0.8086889033617692,0.006651085916013567,0.20641801976295182,0.3396789961177964,0.06324788847135876
6,exact,72,0.5711237420019828,0.5718639690461267,0.0012960887277232525,0.0,0.0,0.5327115912477758
6,pure_geometry,73,0.5783165935354337,0.5842084305133554,0.010187909259014924,0.00719285153345095,0.012594208582955346,0.5255187397143248
6,adequacy_only,103,0.6210896779269587,0.624471208034894,0.005444511844444093,0.04996593592497589,0.08748705797070921,0.4827456553227999
7,exact,58,0.5188134832456118,0.5179349093236819,0.001693429238642182,0.0,0.0,0.2361364800518495
7,pure_geometry,117,0.5312586926293656,0.5335817098289594,0.0043726667098779575,0.012445209383753819,0.02398782951032552,0.2236912706680957
7,adequacy_only,58,0.5188134832456118,0.5163949345404977,0.004661692078594626,0.0,0.0,0.2361364800518495
8,exact,102,0.25606434450979026,0.25044407413706815,0.021948664440110014,0.0,0.0,0.1792493334627765
8,pure_geometry,105,0.260221942894606,0.2611181030716626,0.003443830167003193,0.004157598384815719,0.016236537706079357,0.17509173507796078
8,adequacy_only,21,0.423971027476963,0.42961271132802287,0.013306767409634825,0.16790668296717276,0.6557206677431542,0.011342650495603734
9,exact,108,0.34773240111512177,0.34432056885199885,0.009811660495776982,0.0,0.0,0.26564688516113083
9,pure_geometry,97,0.4138165427415206,0.41032853071976116,0.008428884932079928,0.0660841416263988,0.19004309467417357,0.19956274353473202
9,adequacy_only,88,0.5139383135888067,0.5167531311391247,0.0054769560390667245,0.16620591247368494,0.4779707382478289,0.0994409726874459
10,exact,57,0.31191991076164066,0.3114068786896556,0.0016447557667362128,0.0,0.0,0.10749271073756267
10,pure_geometry,115,0.3240346942542644,0.32179827122491234,0.006901801162060694,0.012114783492623737,0.038839404201681305,0.09537792724493893
10,adequacy_only,8,0.4452660630245934,0.4471900925246755,0.004321078249289047,0.1333461522629527,0.42750125164293085,-0.025853441525390042
11,exact,71,0.2656546030936185,0.2671772515966943,0.005731684997527511,0.0,0.0,0.1160511889469164
11,pure_geometry,100,0.26583947645147765,0.2664281580288462,0.0022144249801664454,0.00018487335785916104,0.0006959162600845836,0.11586631558905724
11,adequacy_only,8,0.37896584003282646,0.37693328034177914,0.0053634377464503325,0.11331123693920797,0.42653594411566176,0.002739952007708435
12,exact,118,0.1484205994909321,0.146623743782752,0.012106511591673396,0.0,0.0,0.08952227773882357
12,pure_geometry,63,0.18277116814009509,0.18349355639030948,0.003952419068967599,0.034350568649163,0.2314407081428187,0.05517170908966057
12,adequacy_only,108,0.21721822195363466,0.215936701429006,0.005899691623947624,0.06879762246270257,0.4635314956190151,0.020724655276120996
13,exact,31,0.19207098884003604,0.19058638237890346,0.007729467475012648,0.0,0.0,0.08779835555749732
13,pure_geometry,14,0.21291898248469251,0.21348201077080403,0.002644331095053935,0.020847993644656476,0.10854316818256948,0.06695036191284084
13,adequacy_only,113,0.26592328291147305,0.2668873130530226,0.0036252190142767003,0.07385229407143701,0.3845052004857641,0.013946061486060313
14,exact,65,0.14821860947682153,0.14856576673713642,0.002342197525265435,0.0,0.0,0.08772149447895408
14,pure_geometry,67,0.17485165615896453,0.17753947989864824,0.015372023340974835,0.026633046682143002,0.1796876031704231,0.06108844779681108
14,adequacy_only,91,0.17735976860952535,0.17636866462956086,0.0055880991937157,0.02914115913270382,0.19660931400966164,0.05858033534625026
15,exact,90,0.2743943235167588,0.27671934320448316,0.008473279104049538,0.0,0.0,0.07924366875074385
15,pure_geometry,106,0.3209979416089289,0.32245560550167157,0.004541038130763232,0.04660361809217012,0.16984177185182836,0.03264005065857373
15,adequacy_only,7,0.39139596689878686,0.38902844122430125,0.0060489271088933995,0.11700164338202806,0.4263996495353233,-0.03775797463128422
16,exact,66,0.3977084268591576,0.3990630762658856,0.0034061370472488234,0.0,0.0,0.23066035152670034
16,pure_geometry,79,0.42591421641220084,0.43248716343984234,0.015432560770125083,0.02820578955304326,0.07092077423602561,0.20245456197365708
16,adequacy_only,14,1.0992224102205859,1.10066668333334,0.001313904355774881,0.7015139833614283,1.7638901667272413,-0.47085363183472795
17,exact,54,0.21335272343387346,0.21593404764187127,0.012098857546563566,0.0,0.0,0.22393111988005743
17,pure_geometry,112,0.271875290016024,0.2755342253142131,0.013458138464784575,0.05852256658215055,0.2742995994625259,0.16540855329790688
17,adequacy_only,60,0.450241673392053,0.4446558781768333,0.012406215473430513,0.23688894995817955,1.1103160350873185,-0.012957830078122123
18,exact,10,0.1865553494947507,0.18582034695559047,0.003939863108459993,0.0,0.0,0.11698884175824295
18,pure_geometry,55,0.2605680504621974,0.2577416988127791,0.010846884890165543,0.07401270096744669,0.39673320099314147,0.04297614079079626
18,adequacy_only,27,0.20602500892597453,0.20449194560106868,0.007441151600467534,0.019469659431223835,0.10436398357888788,0.09751918232701912
19,exact,61,0.4437777192525229,0.43955841375014987,0.00950770018260454,0.0,0.0,0.6239824871781112
19,pure_geometry,111,0.46483971038573524,0.46071105527775763,0.008881889855218157,0.021061991133212332,0.04746067731540937,0.602920496044899
19,adequacy_only,6,0.44676560314078817,0.4472281576028897,0.0010353403638277943,0.0029878838882652636,0.006732838893529713,0.620994603289846
20,exact,77,0.2320129677561279,0.2330820323408224,0.004607779448854792,0.0,0.0,0.0902362679013724
20,pure_geometry,56,0.251730016176285,0.25083848566103345,0.00354161386390729,0.01971704842015709,0.08498252753217628,0.07051921948121531
20,adequacy_only,70,0.2372424506288282,0.23415097644760316,0.013030864303714916,0.005229482872700308,0.02253961458825482,0.0850067850286721
21,exact,11,0.5519916174314138,0.5619759600477108,0.018087851882166616,0.0,0.0,0.22627226958602076
21,pure_geometry,104,0.6324431990391977,0.640937051598101,0.013430221989590726,0.08045158160778387,0.14574783215395515,0.14582068797823688
21,adequacy_only,31,0.665175360985489,0.6624411498950803,0.004110511679743908,0.11318374355407523,0.20504612747699658,0.11308852603194552
22,exact,67,0.5182945586331976,0.512022507368217,0.012101325704674133,0.0,0.0,0.7239750114554032
22,pure_geometry,92,1.1142717431599838,1.1184609375841,0.003759580595875046,0.5959771845267862,1.1498812298906755,0.12799782692861705
22,adequacy_only,108,1.5893491273600497,1.5566230273962358,0.020590881764394227,1.071054568726852,2.0664978068674813,-0.3470795572714489
23,exact,93,0.30370136222706046,0.30861849958350046,0.016190699048507187,0.0,0.0,0.19847476186526114
23,pure_geometry,92,0.35156953759532605,0.3534365960416674,0.005310637716543025,0.0478681753682656,0.15761593895149284,0.15060658649699554
23,adequacy_only,17,0.470101602144325,0.4727632375863742,0.005661830187151813,0.16640023991726455,0.5479074532199708,0.03207452194799659
24,exact,95,0.382696256290692,0.38347433445596674,0.0020331480971784942,0.0,0.0,0.2238342120518329
24,pure_geometry,104,0.5354679175368139,0.5343694223807083,0.002051467735282353,0.1527716612461219,0.3991982119889832,0.071062550805711
24,adequacy_only,94,0.4652552524395243,0.4603059558404255,0.010637809187854674,0.08255899614883233,0.21572982434957866,0.14127521590300057
25,exact,83,0.22884978104117118,0.22970088254261128,0.003719040051373208,0.0,0.0,0.028211707550244408
25,pure_geometry,59,0.24696942191519722,0.24861370149279455,0.006657826563492268,0.01811964087402604,0.079177007692947,0.01009206667621837
25,adequacy_only,84,0.25590269814306144,0.258645765214325,0.010719179950693748,0.027052917101890256,0.11821255401167852,0.0011587904483541522
26,exact,33,0.3940028674936094,0.3957019041019711,0.004312244271646676,0.0,0.0,0.18024481865717862
26,pure_geometry,112,0.5154972127646676,0.5105542636815215,0.00958870186055248,0.12149434527105824,0.3083590382068193,0.05875047338612038
26,adequacy_only,37,0.5357364114116843,0.5325783156156875,0.005894868686776585,0.14173354391807486,0.35972718883923793,0.03851127473910376
27,exact,116,0.351054399029779,0.34961570426709365,0.004098210324842793,0.0,0.0,0.2332763202961171
27,pure_geometry,117,0.41526662317506235,0.41807557836771864,0.0067642209508181955,0.06421222414528338,0.1829124612104247,0.16906409615083373
27,adequacy_only,59,0.5148679001036719,0.521538691410887,0.01295631618493199,0.16381350107389292,0.4666328111159692,0.06946281922222419
28,exact,43,0.19596095604098515,0.19467881899272646,0.006542818907203805,0.0,0.0,0.05285682268731287
28,pure_geometry,87,0.24481881196075797,0.24723989925773784,0.009889302531898365,0.04885785591977282,0.24932444149514255,0.003998966767540052
28,adequacy_only,15,0.23240784378590518,0.2339167814254821,0.006492627851953968,0.036446887744920026,0.18599055894224747,0.016409934942392845
29,exact,26,0.23786674937661617,0.2373142377169474,0.0023227780306274495,0.0,0.0,0.12251441863885343
29,pure_geometry,36,0.267052862091146,0.26737525459495753,0.0012072235485029894,0.02918611271452981,0.12269942222281438,0.09332830592432362
29,adequacy_only,19,0.35331551868401867,0.3546447522531048,0.003762171483542811,0.1154487693074025,0.4853505990642333,0.0070656493314509294
