relative_path,category,bytes,sha256
CANDIDATE_MANIFEST.sha256,supporting_asset,505,59d146b8a711dcd06eee661d3923f46110b213bfd192a03da0fde4cdffc738ec
COMPARATOR_SCOPE.json,source_and_comparator_lock,689,46b0a19342e8353cadf3e67ab8f6b6e5f64db971ac579b0cd29491ebf0d3a2f8
COMPARATOR_SOURCE_LOCK.json,source_and_comparator_lock,1136,3b57b98567e4fe1b12897f453814821ba3ef4b4e76e6c0b9f40a2aecfcea6ffc
FORMAL_REPORT_CN.md,report_and_identity,8069,06d1a58eca37a66f07abc00e114c8339974082d24e923dad281a21d66cf3e6cd
FREEZE_RECEIPT.json,frozen_protocol,817,bbcf52bc9b521e885843c499fdc29e543fc7a45c0d5f33e40c695269728653d1
FROZEN_MANIFEST.sha256,frozen_protocol,7579,0bf032f88118523f05e11751c19cfee0201744b340b14357136090161041a756
POSTRUN_RECEIPT.json,report_and_identity,940,41c2ad16b9219c2a3b003858bd4d924a4e599d23ad062ea296d58f098e16f456
PREFREEZE_CORRECTIONS.md,frozen_protocol,2380,bae224ceadcabb0f90756d319758674403ca029cae91e356308600f9fe8fa871
PRE_FREEZE_CHECKLIST.md,frozen_protocol,4871,6bd74474eed6ae852132b7766e91d2811c135f6b7a8d7b6607b896f2b2bdefb7
PROTOCOL_v2.md,frozen_protocol,26633,2ab328526ef5aa09a3b2fb7069e30590b862da77eb912c284674e8fe661e3c30
README.md,report_and_identity,2324,30301777830bfdf3811ed822446b06da60503ccc3ae6b7074f41f2bbfd36d163
SOURCE_LOCK.json,source_and_comparator_lock,4801,caf54b7a5b830e657e4dc39eff0028c8bc3a79aced19e19261bc20e57e6094b5
SUPERSESSION_NOTICE.md,frozen_protocol,1284,592fce74f7880499da84726f1bce9511e7e7d3356b0d5c3736220c28d79f2eee
THIRD_PARTY_NOTICE.md,source_and_comparator_lock,1074,6fa5aa8bee837c072ea954e1c7e6d8be28245ff541ab33eb4d1568d2b62ce335
VERSION,report_and_identity,7,d3fd1e219ed1686af10899e067ebf3344c1d6e54297e9f9339601d041f4f9733
amendments/A1_phase_d_index_reset/AMENDMENT_A1.md,execution_amendment,1244,2a2327e6c092ddaba93ff94c90585abfc40b458bd2f9c209dd12340d27780b3c
amendments/A1_phase_d_index_reset/AMENDMENT_A1_MANIFEST.sha256,execution_amendment,262,f6cf4e39d7b022e209d34c62bbe342d8913815fedfa41d8c0e7c982fac9274b1
amendments/A1_phase_d_index_reset/AMENDMENT_A1_RECEIPT.json,execution_amendment,556,cde0d905c2d972323c18d16982efb71fb98b27fb95de0de42aefff97b664dc97
amendments/A1_phase_d_index_reset/phase_d_A1_wrapper.py,execution_amendment,1099,ff630548e69c6f21fe4d6883572784e47262b47f6585e09340fc48b1cee6b590
amendments/A2_phase_d_complete_case_alignment/AMENDMENT_A2.md,execution_amendment,976,4418c2301aba84b89d09d137e93323b07ff6db8baebe7de9b4593755b3c4ca75
amendments/A2_phase_d_complete_case_alignment/AMENDMENT_A2_MANIFEST.sha256,execution_amendment,262,81032afdbb0ba51262984ec799afc5ab0bdc43f38283d6d4bb028437b8ca944c
amendments/A2_phase_d_complete_case_alignment/AMENDMENT_A2_RECEIPT.json,execution_amendment,613,0aaec95434a806f73f9d9f138c91b896dbfdcbe2e246732323cb0f13065f9e67
amendments/A2_phase_d_complete_case_alignment/phase_d_A2_wrapper.py,execution_amendment,1813,d8efda14333467f13b62f9830786ae2773a2b189340ea7b0c560e4ae456af593
assets/CONTRACT_SEAL.json,supporting_asset,6356,a963aa5a8af289c9b4d6e9924ab22856433f243b593ff93a826a9c98d2530b9c
assets/formal_contracts/Norman.phase_m_contract.npz,derived_frozen_contract,31816948,13382303fa04d504102d212b69a3ca449feb691bb66b0221fb1c6b9d03510f7b
assets/formal_contracts/Norman.phase_m_report.json,derived_frozen_contract,645,ef62a91b36b89cefa96f62d80cd7ab6cb1f368ee5435cd50c3244007bf1d4224
assets/formal_contracts/Norman.split_ledger.json,derived_frozen_contract,96919,6a46bc07f4eef9ff29844888924bf808f3647e6f6842ba1b15deed1d19616b28
assets/formal_contracts/Replogle_exp6.phase_m_contract.npz,derived_frozen_contract,9453580,859cdda0265f45ad3c29109c5b4a976e4374cca3ded3da78b4f1ea17e2fc3bc1
assets/formal_contracts/Replogle_exp6.phase_m_report.json,derived_frozen_contract,649,49451ffaf3f70a1f64c75f366c9d6a54d196f8d30477465fb4c04fb7f0c9df42
assets/formal_contracts/Replogle_exp6.split_ledger.json,derived_frozen_contract,31217,e146f407abaffee8c33bbccf5205f8f133aaa8975a95a01412b6de0fbbbdde17
assets/formal_contracts/Schmidt.phase_m_contract.npz,derived_frozen_contract,18806925,bbc56882f74abdc556dd191816b1ad5df2b329f897ee3c4fb652ea9b090f7db5
assets/formal_contracts/Schmidt.phase_m_report.json,derived_frozen_contract,645,6e18e81a01936fa996ac9067bc99ae9e7a051e74d6dce390d7cc4ed639c18846
assets/formal_contracts/Schmidt.split_ledger.json,derived_frozen_contract,56913,b61f2e87525a252d3558958b917c747dcddc7118871e07a6da98b73908c2ca14
assets/formal_contracts/Wessels.phase_m_contract.npz,derived_frozen_contract,17328133,68457b355312ae2422ce207842509a72da5bb688400a4a7d6530208b6e71809d
assets/formal_contracts/Wessels.phase_m_report.json,derived_frozen_contract,646,dd8671b01854954107267d52b6c73158ac12caab62d58e637055af71e10dad04
assets/formal_contracts/Wessels.split_ledger.json,derived_frozen_contract,57528,012ecd1df234f2013afe86fdb96989207abfe601e280acb0b74e1387c3fd1189
assets/gate21_gene_contract.npz,derived_frozen_contract,5727908,d58cec87d05ad34afec656362c610ffabafa5667d1b6f8c08454815f81e24c41
assets/gate21_gene_contract.report.json,derived_frozen_contract,2802,cd6689e82ae98588b99227945b2872f44e476294c16cd76fe978ef455b55e8b6
assets/smoke/gate21_smoke_contract.npz,development_smoke,734730,7b6742ffe8c62246e6f880d279cbfbd54f23b1287a78a8f75c1cbddfa8bbeaa6
assets/smoke/synthetic.h5ad,development_smoke,504016,40ce04e65743ff1d98b7fa8e6293dd8b2b226a35e15c3e1664e621b972571776
audit/cell_asset_ledger.json,prefreeze_audit,3318,352c49d3a95a816b405432e1838aff76cbdfb21e722153019d89259b8abe771d
audit/comparator_audit.json,prefreeze_audit,1790,c9a9872872601f64c96c80106b8a72fd51c33cdd4929cdab6fdea5e2b7a194ad
audit/environment_report.json,prefreeze_audit,1150,0290da807fda35b6a7bf2e6c650a5f044e54373a0a535a2ae67a7e3429b9e879
audit/firewall_denial_test.jsonl,prefreeze_audit,211,d297951572dbac7e159c61e103fba84110c33359b7711f00ca45fbde3b4cf493
audit/frozen_asset_audit.json,prefreeze_audit,11438,7c47f9f16b00373a3bf7b1eabb1ddf2d69f19bbc4e0419aa6994f3d0cace3c8e
audit/phase_boundary_audit.json,prefreeze_audit,499,8e373ec4fed847ffd873be330458ad51ccf2f5efc58d7349192a020bd42ef14f
audit/shadow_source_flow.json,prefreeze_audit,560,fdeff1a3feb326cb574079283a5c63a990fa3c2a8f90940a3e00b54890c6f06d
audit/source_audit.json,prefreeze_audit,4324,7f6ee5363d8f1a002099469b22fed0a115a93e24f67a4ca3af9d4a64bcc14670
audit/unit_tests.log,prefreeze_audit,2223,34ff20f13969cf55ebf204d7c73c85d06af2f712d99c02153a05ec867a0a7580
audit/weight_contract_audit.json,prefreeze_audit,1922,02186a5fd770f2f7f1c427dbbe236da3220abf948ebc9dcd90b27a0769eb357b
comparator_inventory.csv,source_and_comparator_lock,634,c41a881c5dc1f3c5688d8bbeeb64090e015c386e1846a6b065d8987b2e5377de
firewall/sitecustomize.py,executable_code,1154,9787d7faf608571be1161fff0294b01146bc7e3495c7dcb803396e026fbdd03c
postrun/PUBLIC_DATA_ASSET_POLICY.md,release_audit,1567,0e4af40f530b0abec9d0870f2377829b4f41863c29808fbd6a4b563eb1752483
postrun/audit_integrated_release.py,release_audit,11468,835c799f7b873b62189aa067f4c2fec30fddc7c7d7acf95ae88d9efe2ec926ac
results/formal_e22/D/gate21/decision_verdict.json,formal_result,2592,5ceb45a2297c083c5856f8e01eacea74b346c60dff3539326e184d8f36e5776d
results/formal_e22/D/gate21/gate21_inference_arrays.npz,formal_result,594638,4462d8b5e4976b311d0458186cf7e57dcf2af9e524532842df3f9dc306f0c31c
results/formal_e22/D/gate21/gate21_wmse_rows.csv,formal_result,25701,9feeabc0187135e5dfe9a52c10012b1893e828adff74277c6015e6af62d8d916
results/formal_e22/D/shadow/shadow_gate_by_split.csv,formal_result,1019,bf88677498ab75598a6bcd7632f909d5fe88bae46cbb90a4c0f63ac27567ecff
results/formal_e22/D/shadow/shadow_gate_verdict.json,formal_result,465,7817d43f8e4300f5ffd96bb2edcc2aecce73502b7716d26fc08014a85318e923
results/formal_e22/D/shadow/shadow_training_loo_rows.csv,formal_result,63879,d3d41e8e61afdb1ead204c9d97ceb41f3864ef2a960593d245dd1995029babd6
results/formal_e22/FORMAL_RESULTS_MANIFEST.sha256,formal_result,2847,db697b9a91fa6bbb7fd00f9aadb9e2be6d9554a1135f4d3e186ea517255ebc1a
results/formal_e22/FORMAL_VERDICT.json,formal_result,808,3069257d523adc861773cab16fa616a4c44586d2826fef9eb54d8689b81a158e
results/formal_e22/M/Norman.metric_validity.csv,formal_result,152593,1e2fdd6a27c836b7a51f0332ba4b6e6f0d517150e8107d565d9583151d6a7265
results/formal_e22/M/Norman.nir_controls.csv,formal_result,54501,4eb238d6e1ca65846cd2f3cdae84dfb59ad8a316f818da8eacc2b30cef725487
results/formal_e22/M/Norman.phase_m_report.json,formal_result,457,2d4c5515dcf0dcc4644195ee1f13bb76eef7191037b20faa1d4241ec501b7405
results/formal_e22/M/PHASE_M_MANIFEST.sha256,formal_result,1393,d9d722431290058fa7bca922deeff426ffcec99dbbaf1ba99ae3d142d4ba63a8
results/formal_e22/M/Replogle_exp6.metric_validity.csv,formal_result,66061,0e80e0bd7c3adbfc28c34a4d851429317b4a38ed4913f6ac804c040d8141f3ee
results/formal_e22/M/Replogle_exp6.nir_controls.csv,formal_result,26729,882f9dc3af9934a1425dc38847a4692c7c92057b34a32daaa4029d90f91c8520
results/formal_e22/M/Replogle_exp6.phase_m_report.json,formal_result,464,a19ba7a242bf9aae01773a6418e79a60151ef80c4f88e54eb902ef67652aaa5a
results/formal_e22/M/Schmidt.metric_validity.csv,formal_result,51349,ce15ec1440a01193550819bc93b50c587686a3434920383c4aa2316471d05c0e
results/formal_e22/M/Schmidt.nir_controls.csv,formal_result,19043,d7910482040befa7dfc1a3cae58713229decbf09c40c157df52bd8a4816cc456
results/formal_e22/M/Schmidt.phase_m_report.json,formal_result,456,ec5458ea7b4b628447ba9be1227d0e4b1cc983a1b4acf419505ba516026022aa
results/formal_e22/M/Wessels.metric_validity.csv,formal_result,107830,d1a9829c9eb8d2e5090e503e5c02abd55534e6f52537ac7be315da32ac36927f
results/formal_e22/M/Wessels.nir_controls.csv,formal_result,39512,c3932f4dd44fbed72de1a1d4f920500eb2adecee81279177e8056710113d61bd
results/formal_e22/M/Wessels.phase_m_report.json,formal_result,458,0b3ae32fca25920a3969367841273b67ad2a8e55b29aadb9a49b53055293d926
results/formal_e22/M/drf_summary.csv,formal_result,4358,12a5089580241357aee98471431f3d8b7215925dd81102be452a02d010b17595
results/formal_e22/M/eligible_operations.csv,formal_result,17367,47cdb4c78769bb63b039afa25b9b900df17f1225e3cb237f55130fa74ad6959c
results/formal_e22/M/metric_validity_verdict.json,formal_result,547,9a7e433a5ea53cf4ae449a33d6b9abccc38221c2d93f8ae0c20c6caa7a12b6c9
results/formal_e22/M/nir_control_summary.csv,formal_result,3052,be3866a7bcca312423d8d58f1e483fbea597143d2e2ffec75f655927ffbf7ed7
results/formal_e22/P/cluster_bootstrap_arrays.npz,formal_result,878496,97649c2d400b70f12cdc4d9328d06ea645e7d9b86fb117c072f720723171a83b
results/formal_e22/P/per_operation_metrics.csv,formal_result,375064,bfd2afbbdc930767a1a63af3c4968ef470cb90d2d67c0cf315ef65ba9b107605
results/formal_e22/P/per_operation_nir.csv,formal_result,131634,11c5912a8292acf65fccef577ff65d8f284c3260a9c3e5572476705d2c9837f7
results/formal_e22/P/prediction_verdict.json,formal_result,2770,54c23b982372a73bd7d8e280bf616cbd7251dad407b79b91910af7c3b05d856b
results/formal_e22/P/split_comparisons.csv,formal_result,2313,39a280980dce1616167cc105d1aad95ed795622d8e4d66d2b27366397348c51a
results/formal_e22/P/split_summary.csv,formal_result,6757,eabebc2770d60320a154baa07c1c3f962ec9a264bc7c6544f5fe0c65c6249c06
results/smoke_phase_d_v2/decision_verdict.json,supporting_asset,2556,5b72fcce555bdbb40b7d55b9b263b2a5f8f8edaadeb545c135c08b651a1562d5
results/smoke_phase_d_v2/gate21_inference_arrays.npz,supporting_asset,594287,b88226fecdd6bcdf69274788e85cad4dba64839a6b752b2019500cb4e63d6d86
results/smoke_phase_d_v2/gate21_wmse_rows.csv,supporting_asset,22858,67aaebd2ab07b80cc549f71900d0338b1fb67f34eba124eb27a927cd8fe76edc
results/smoke_phase_m/Smoke.metric_validity.csv,supporting_asset,44689,a196007d939bb20017168f493553641b4e6fc00549fdb804093bad1b0bca8218
results/smoke_phase_m/Smoke.nir_controls.csv,supporting_asset,12914,ba045e76460e888aa4494a0c29da8dc4bd0923925ad2b2db74c0fa913ebfb873
results/smoke_phase_m/Smoke.phase_m_contract.npz,supporting_asset,171622,c5770b67c6e8b92bafa9f8ee77337f296c41aea3aeb3851fb978a86be374c831
results/smoke_phase_m/Smoke.phase_m_report.json,supporting_asset,677,210e105ac280caf316ae84a9af002d46cd937dfb59876bd528c73099916b3b4d
results/smoke_phase_m/Smoke.split_ledger.json,supporting_asset,25209,2af28692eda5964784455797b6bd14dc8485c5b57348800441bb4928b0cfb305
results/smoke_phase_m_v2/Smoke.metric_validity.csv,supporting_asset,44689,a196007d939bb20017168f493553641b4e6fc00549fdb804093bad1b0bca8218
results/smoke_phase_m_v2/Smoke.nir_controls.csv,supporting_asset,12914,ba045e76460e888aa4494a0c29da8dc4bd0923925ad2b2db74c0fa913ebfb873
results/smoke_phase_m_v2/Smoke.phase_m_contract.npz,supporting_asset,349401,1ae268b1eb85272c3fe261f7cf083c278d67c90090df2eb5ec33875f69115dd6
results/smoke_phase_m_v2/Smoke.phase_m_report.json,supporting_asset,702,ca0e862bdc0c4b0454fa8ab5eee92aea3bd92e23e927d4885c62c0cc8c022c7e
results/smoke_phase_m_v2/Smoke.split_ledger.json,supporting_asset,25209,2af28692eda5964784455797b6bd14dc8485c5b57348800441bb4928b0cfb305
run_formal_experiment22.sh,executable_code,2376,220372ee728e8c07906c232b70eb5daca19586ecadd1694faecfe242b8560c55
run_prefreeze_contract.sh,executable_code,1610,3a89767fe3a4ead1b998cdf40e62806e3106a0e84f63ceecd7916039453632e2
src/__init__.py,executable_code,63,b79bdbe80037006ec7df68e2eeca12d08900a3ed2fb7aabdbb01014bc0d0e33c
src/aggregate_formal.py,executable_code,2531,3cff0a156ea298db4ddbf38c7f7bc89d1b1a36115c0342dccd596a44b9ceba0f
src/aggregate_phase_m.py,executable_code,4428,57c8152361a92a4617294d93229b4a6ed705058fe29c35bf7846ae2c02b974d6
src/audit_cell_assets.py,executable_code,3938,fcdd1821c535e07b0135baa9e33833ce59ad815a65b57423ec70254fdc0390d8
src/audit_comparators.py,executable_code,3881,4c54d39bdfc9eace4c65c43144146d5e7e32888734a45a3ae1dacd43545ee60c
src/audit_frozen_assets.py,executable_code,7173,fe2136dfd2449e5edc7d239f93438767d61a6ef204e403fcff46a06b556bae09
src/audit_phase_boundaries.py,executable_code,2145,0f8b7364573aa728fcfc30c294ff89a6d7506e8bffe9ab431dc0fb95bcd2c8a9
src/audit_shadow_source_flow.py,executable_code,2168,4722239e34a508240b8d133f2f6e86a71eb741a79ce6c1d8189864486fa2328f
src/audit_weight_contracts.py,executable_code,2813,33d10ec3deba0c381897a2a10e5ddb7b67e96f3edc0a1c1475bf8de06b491075
src/comparator_core.py,executable_code,3091,99a2d7d04df88a0c8171e4e98a8cfcc3413a10bcdab3246f9055188a77b3ab02
src/environment_audit.py,executable_code,1554,a47f30179c01ed15490c836403ffed27d050c9300aaca2f39fc028c9abc7c1f3
src/metric_core.py,executable_code,10641,84722bef940abde162aa6e0e216764d200f84883635958d7085769b9cba76292
src/phase_d_decision_stress.py,executable_code,8478,0ce5aa72ecc19b1e08d87037e41b795674bf9de3475640f5c8e192be94e9a731
src/phase_m_metric_validity.py,executable_code,17317,c76dfd3d23de8332ef4fd9968f91b70a135f5b23b209309c99eb26489f30d750
src/phase_m_score_controls.py,executable_code,6599,40e300eaf6d916c9bcd8f8a2fbf589b006959fbc78e05c2a654d757ce8b164db
src/phase_p_prediction_stress.py,executable_code,18047,a00a9793904ac3f81862ba29370dcc146b5cdff023976521661dbe70335844d1
src/prepare_gate21_gene_contract.py,executable_code,13546,55750e431dc072bc2aee38602052461a48d7c0db9fe2330dead820cd8d5a4207
src/seal_phase_m_contracts.py,executable_code,5938,d0c48be1b782473c782db6f4e5b6173dcb5ccc157faf3222da11be64e6968460
src/shadow_endpoint_gate.py,executable_code,10069,f8aee1dc9eb472119ec367de0a895fc4b13cf094ff788e401517824403433991
src/source_audit.py,executable_code,3017,573bd5d0ab872ec5166f7b810f61e794cbf882cf2a6e90d2aac389f215f8e5d0
tests/make_gate21_smoke_contract.py,executable_code,1759,cad2fb73307de7413d0ef5f69baaba54cb9dd124781b4fb3a0f7317e00040018
tests/make_smoke_asset.py,executable_code,2168,c836f51e074af201ff85dd13a4cfe7487ef62b48012630d6371fa48bc78499fc
tests/test_comparator_core.py,executable_code,1188,3b27433e9968fb343c9ce6129d1026a71efda9b511e4617c393b91f1daa02936
tests/test_metric_core.py,executable_code,3295,83a9593e6f1d3e9a90ea9668fb3c6a4791938c61cfcfd6bb6c6f471e4da2bdf9
tests/test_phase_m_primitives.py,executable_code,1608,d12e8db7898d2d8aeec6db826ef9d87030d1ad0cb729cda5a4f7c453f9ceaa31
tests/test_phase_p_primitives.py,executable_code,1814,dabf6b9096dc5e9765424efca73427996d1c80f9bc1fc4c5fe07606604b6c960
tests/test_source_parity.py,executable_code,5203,a56639a75aac1083634bfb37f155988792f0279248e7a4725aef0057027d9c0a
