seed,design,edges,corr,nmse,q_nullity,q_min_eig,q_trace_inv_1e3
0,dense_bipartite_400,400,0.30413255043359505,0.9075094664078096,1,-1.5987211554602254e-14,1001.9249043757906
0,odd_witness_1,401,0.9974777973490793,0.005374966018471506,0,0.09149805847683545,12.731748853721374
0,odd_witness_4,404,0.9991097620566187,0.0017858869997559397,0,0.36985418726534647,4.604625331226501
0,odd_witness_16,416,0.9993328550939977,0.001334956921919921,0,1.4843042405644336,2.532581038460884
0,random_120,120,0.9972555783931596,0.005482942876134596,0,0.837378848413528,10.547316585627058
1,dense_bipartite_400,400,0.308986750725135,0.9043758357138156,1,-1.5987211554602254e-14,1001.9249043757906
1,odd_witness_1,401,0.9965431745753823,0.006984399409908537,0,0.09149805847683545,12.731748853721374
1,odd_witness_4,404,0.9988262969670667,0.0023662167466171414,0,0.36985418726534647,4.604625331226501
1,odd_witness_16,416,0.9993555056153738,0.0012994227372483266,0,1.4834636077735155,2.532949205261554
1,random_120,120,0.997467308519969,0.005110238127410731,0,0.6736531063921062,10.368455619750542
2,dense_bipartite_400,400,0.33286562456301527,0.8891964101474648,1,-1.5987211554602254e-14,1001.9249043757906
2,odd_witness_1,401,0.9971025308667407,0.006009450098619928,0,0.09149805847683545,12.731748853721374
2,odd_witness_4,404,0.9988838368171757,0.0022644050183878175,0,0.36985418726534647,4.604625331226501
2,odd_witness_16,416,0.9993714129892569,0.0012715390035783402,0,1.4745762928435198,2.537119657504427
2,random_120,120,0.9976378040515372,0.004735515604756404,0,1.3205188936770957,10.083158059331746
3,dense_bipartite_400,400,0.3475321395057643,0.8790888492344784,1,-1.5987211554602254e-14,1001.9249043757906
3,odd_witness_1,401,0.9975146053856412,0.004966409037897964,0,0.09149805847683545,12.731748853721374
3,odd_witness_4,404,0.9988620920766009,0.0022742283243915753,0,0.36985418726534647,4.604625331226501
3,odd_witness_16,416,0.9993363797179746,0.0013283434864845567,0,1.4995993891171997,2.5254882016150404
3,random_120,120,0.9977316523313665,0.004559742153232204,0,1.433866799377783,9.268592572444172
4,dense_bipartite_400,400,0.3015643866528113,0.9090851403644947,1,-1.5987211554602254e-14,1001.9249043757906
4,odd_witness_1,401,0.9972554087151054,0.005702894213462669,0,0.09149805847683545,12.731748853721374
4,odd_witness_4,404,0.9989093669427955,0.0021919879234137385,0,0.36985418726534647,4.604625331226501
4,odd_witness_16,416,0.9993939147083215,0.0012123368942990355,0,1.4661505594603943,2.5411428724111715
4,random_120,120,0.997856434906328,0.0043138647379446305,0,1.2961256787189488,9.226852157636845
5,dense_bipartite_400,400,0.3088249666707496,0.9046147141636991,1,-1.5987211554602254e-14,1001.9249043757906
5,odd_witness_1,401,0.9970542700464602,0.005905120433198481,0,0.09149805847683545,12.731748853721374
5,odd_witness_4,404,0.9987727030799853,0.002453750995047206,0,0.36985418726534647,4.604625331226501
5,odd_witness_16,416,0.9993764006562984,0.001253053925432395,0,1.4450390605585997,2.5512553898652404
5,random_120,120,0.9976087420872339,0.0047959266270048715,0,1.2499438333680055,9.701175913740602
6,dense_bipartite_400,400,0.39039811140739933,0.846851083583661,1,-1.5987211554602254e-14,1001.9249043757906
6,odd_witness_1,401,0.9975703086992237,0.005113161745666829,0,0.09149805847683545,12.731748853721374
6,odd_witness_4,404,0.9990173741562279,0.0019793948741534243,0,0.36985418726534647,4.604625331226501
6,odd_witness_16,416,0.9993673939781287,0.0012657836664836486,0,1.4343245058525511,2.5566611098719996
6,random_120,120,0.9976883130562014,0.004640047807016155,0,0.9048184933548117,9.761283837502209
7,dense_bipartite_400,400,0.3006784988470321,0.9092364177932113,1,-1.5987211554602254e-14,1001.9249043757906
7,odd_witness_1,401,0.9969200851384835,0.006268546087234383,0,0.09149805847683545,12.731748853721374
7,odd_witness_4,404,0.9988546178777143,0.0023319887553229154,0,0.36985418726534647,4.604625331226501
7,odd_witness_16,416,0.9993215223759245,0.0013573088373708393,0,1.4683931163687323,2.5403130930801296
7,random_120,120,0.9974607140803218,0.005107439710504007,0,1.131718207873251,10.464365792627804
8,dense_bipartite_400,400,0.3164834265825192,0.8998251513905959,1,-1.5987211554602254e-14,1001.9249043757906
8,odd_witness_1,401,0.9972043997001806,0.005609239998964469,0,0.09149805847683545,12.731748853721374
8,odd_witness_4,404,0.9986978079434018,0.002603284869280867,0,0.36985418726534647,4.604625331226501
8,odd_witness_16,416,0.9993604529629305,0.0012822788861106711,0,1.453951915914811,2.54709742714096
8,random_120,120,0.9975780064327969,0.004875503582814062,0,1.146215317621499,9.839048525977017
9,dense_bipartite_400,400,0.3278082150469002,0.8925421431883174,1,-1.5987211554602254e-14,1001.9249043757906
9,odd_witness_1,401,0.9967063522106384,0.006620501909915175,0,0.09149805847683545,12.731748853721374
9,odd_witness_4,404,0.9989126865580394,0.002188523755202025,0,0.36985418726534647,4.604625331226501
9,odd_witness_16,416,0.999394320614823,0.0012126738124391264,0,1.5002661513155915,2.5251770015649138
9,random_120,120,0.9976614888028738,0.00469305946760652,0,1.5120394564996156,9.644079681771425
10,dense_bipartite_400,400,0.2841558728559311,0.9192067126197049,1,-1.5987211554602254e-14,1001.9249043757906
10,odd_witness_1,401,0.9969392275775643,0.006112839562646478,0,0.09149805847683545,12.731748853721374
10,odd_witness_4,404,0.9988981766495021,0.002211417424394474,0,0.36985418726534647,4.604625331226501
10,odd_witness_16,416,0.9993800941417664,0.0012514825509893383,0,1.4717885440480512,2.5385384812427425
10,random_120,120,0.9974680144369905,0.005072309444902298,0,0.804704668268239,10.373758006110513
11,dense_bipartite_400,400,0.3299383419552436,0.8911298495396361,1,-1.5987211554602254e-14,1001.9249043757906
11,odd_witness_1,401,0.9965656072607628,0.006884797515424326,0,0.09149805847683545,12.731748853721374
11,odd_witness_4,404,0.9987371571933015,0.0025727770312941466,0,0.36985418726534647,4.604625331226501
11,odd_witness_16,416,0.9993784753610201,0.0012436240418073512,0,1.445028022982556,2.5513108320262647
11,random_120,120,0.9975632645629642,0.00487980647699915,0,0.7878326831465794,10.360057048808777
12,dense_bipartite_400,400,0.27623532771956755,0.9235893445727641,1,-1.5987211554602254e-14,1001.9249043757906
12,odd_witness_1,401,0.9972479479933969,0.005615370322293371,0,0.09149805847683545,12.731748853721374
12,odd_witness_4,404,0.9988212244210886,0.002373961041181263,0,0.36985418726534647,4.604625331226501
12,odd_witness_16,416,0.999393270473697,0.0012142964516528786,0,1.4638559643452291,2.542194569802706
12,random_120,120,0.9975541724294945,0.004912675388620082,0,0.8366159712624519,9.768674248933284
13,dense_bipartite_400,400,0.3004090584720547,0.9097239245602721,1,-1.5987211554602254e-14,1001.9249043757906
13,odd_witness_1,401,0.9964019771340834,0.0071830744696967895,0,0.09149805847683545,12.731748853721374
13,odd_witness_4,404,0.9988483237963188,0.002318500166304749,0,0.36985418726534647,4.604625331226501
13,odd_witness_16,416,0.9993576156774551,0.0013154234620343255,0,1.4731005584488472,2.5378009640207235
13,random_120,120,0.9977194304903955,0.00459456625297824,0,1.2482222068970044,9.56740369680504
14,dense_bipartite_400,400,0.30024905426311915,0.9098586768214822,1,-1.5987211554602254e-14,1001.9249043757906
14,odd_witness_1,401,0.9965377112146022,0.0069499759137771734,0,0.09149805847683545,12.731748853721374
14,odd_witness_4,404,0.9990349674231958,0.001955506827063617,0,0.36985418726534647,4.604625331226501
14,odd_witness_16,416,0.9993985095461793,0.0012378182761216862,0,1.4579805076668597,2.5450381679217573
14,random_120,120,0.9978371788708248,0.004371218212459124,0,1.3266974786822519,9.179927792960205
15,dense_bipartite_400,400,0.30370326683911936,0.9077615297163534,1,-1.5987211554602254e-14,1001.9249043757906
15,odd_witness_1,401,0.9963506821021358,0.007312108512688031,0,0.09149805847683545,12.731748853721374
15,odd_witness_4,404,0.9986550477164449,0.0027064820222879467,0,0.36985418726534647,4.604625331226501
15,odd_witness_16,416,0.999389802030601,0.0012453180440207207,0,1.489103513575257,2.5304285202599583
15,random_120,120,0.997551462238139,0.0049091410096019986,0,1.3256748440152288,9.793463791615476
16,dense_bipartite_400,400,0.3039799624080669,0.9075825929585832,1,-1.5987211554602254e-14,1001.9249043757906
16,odd_witness_1,401,0.9965788031405296,0.0068655827126552155,0,0.09149805847683545,12.731748853721374
16,odd_witness_4,404,0.9991405624075201,0.0017188800386030948,0,0.36985418726534647,4.604625331226501
16,odd_witness_16,416,0.9994244104989417,0.0011583345384067513,0,1.4631268631441499,2.5424788030771435
16,random_120,120,0.997580001189891,0.004842668782681673,0,1.2641313567844363,9.36143647353145
17,dense_bipartite_400,400,0.3115406626660865,0.9029468052938457,1,-1.5987211554602254e-14,1001.9249043757906
17,odd_witness_1,401,0.9972909374548081,0.005553116919594685,0,0.09149805847683545,12.731748853721374
17,odd_witness_4,404,0.9990691667080451,0.0018852284857435618,0,0.36985418726534647,4.604625331226501
17,odd_witness_16,416,0.9993643935699716,0.0012742514312699235,0,1.498720451962284,2.5258648201993794
17,random_120,120,0.9975685858745167,0.004881213441968836,0,1.310340077386106,10.053239225404683
18,dense_bipartite_400,400,0.35946238212731524,0.8706860301820278,1,-1.5987211554602254e-14,1001.9249043757906
18,odd_witness_1,401,0.9975940671632785,0.0048148323758454145,0,0.09149805847683545,12.731748853721374
18,odd_witness_4,404,0.9989541420486058,0.0021228371890498958,0,0.36985418726534647,4.604625331226501
18,odd_witness_16,416,0.9993742526112569,0.0012514041653794365,0,1.4666624589493573,2.540887963143602
18,random_120,120,0.9976406906183972,0.004716012526838783,0,1.3238689146814757,9.351895238024843
19,dense_bipartite_400,400,0.2864033278518328,0.9179732447414751,1,-1.5987211554602254e-14,1001.9249043757906
19,odd_witness_1,401,0.9974415174278568,0.005116136418766222,0,0.09149805847683545,12.731748853721374
19,odd_witness_4,404,0.9987023727550564,0.0026365539601599713,0,0.36985418726534647,4.604625331226501
19,odd_witness_16,416,0.9993872426902171,0.0012254866874504087,0,1.4909932519224363,2.5294366944548985
19,random_120,120,0.9976956388054112,0.004636693707632602,0,1.3438232647240422,9.725990625263627
