seed,strategy,length_factor,rho,noise_ratio,inner_weighted_mse
0,estimated_witness,4.0,0.9,0.03,0.13487171875945603
0,estimated_witness,4.0,0.75,0.1,0.13578537489773798
0,estimated_witness,4.0,0.75,0.03,0.13655742869580398
0,estimated_witness,4.0,0.9,0.1,0.14132115905715933
0,estimated_witness,2.0,0.75,0.03,0.14249777586874834
0,estimated_witness,2.0,0.75,0.1,0.14260002822507936
0,estimated_witness,2.0,0.5,0.1,0.14586010091396148
0,estimated_witness,4.0,0.5,0.1,0.14893892832931785
0,estimated_witness,2.0,0.9,0.03,0.15001966317190985
0,estimated_witness,2.0,0.5,0.03,0.1503583711597929
0,estimated_witness,1.0,0.5,0.1,0.1533428996203511
0,estimated_witness,2.0,0.9,0.1,0.15495083189657569
0,estimated_witness,2.0,0.5,0.3,0.155439048097613
0,estimated_witness,4.0,0.5,0.03,0.15585592303146156
0,estimated_witness,1.0,0.5,0.03,0.15587148909048743
0,estimated_witness,4.0,0.75,0.3,0.1568948846161429
0,estimated_witness,4.0,0.5,0.3,0.15728304013318029
0,estimated_witness,2.0,0.75,0.3,0.1607061739706016
0,estimated_witness,1.0,0.75,0.03,0.16122254871533584
0,estimated_witness,1.0,0.75,0.1,0.16205542542825338
0,estimated_witness,1.0,0.5,0.3,0.1628116390389943
0,estimated_witness,1.0,0.25,0.1,0.165520601526743
0,estimated_witness,2.0,0.25,0.3,0.16641558395241193
0,estimated_witness,1.0,0.25,0.3,0.16667302689844873
0,estimated_witness,0.5,0.5,0.1,0.16745926165671113
0,estimated_witness,2.0,0.25,0.1,0.1677911008713323
0,estimated_witness,0.5,0.5,0.03,0.16848981071249014
0,estimated_witness,0.5,0.25,0.1,0.17073961404074792
0,estimated_witness,4.0,0.9,0.3,0.17127260427300048
0,estimated_witness,4.0,0.25,0.3,0.17148147130937105
0,estimated_witness,0.5,0.25,0.3,0.1721812123212796
0,estimated_witness,1.0,0.25,0.03,0.17230338841273
0,estimated_witness,0.5,0.25,0.03,0.176117937126976
0,estimated_witness,0.5,0.5,0.3,0.17636673386747304
0,estimated_witness,2.0,0.25,0.03,0.1771300054593756
0,estimated_witness,1.0,0.75,0.3,0.17748859487537647
0,estimated_witness,2.0,0.9,0.3,0.1781217736979701
0,estimated_witness,0.25,0.25,0.1,0.17822533990065922
0,estimated_witness,4.0,0.25,0.1,0.17836346430709216
0,estimated_witness,0.25,0.5,0.03,0.1784134996463439
0,estimated_witness,0.25,0.25,0.3,0.17887644783208345
0,estimated_witness,0.25,0.5,0.1,0.17945101837958033
0,estimated_witness,1.0,0.9,0.03,0.1798193495490996
0,estimated_witness,1.0,0.1,0.3,0.18038788556466454
0,estimated_witness,4.0,1.0,0.1,0.18167738570191408
0,estimated_witness,0.5,0.1,0.3,0.1819552740627449
0,estimated_witness,2.0,0.1,0.3,0.18213390445353764
0,estimated_witness,0.25,0.25,0.03,0.1824997433540377
0,estimated_witness,1.0,0.9,0.1,0.18314745495702975
0,estimated_witness,0.25,0.1,0.3,0.1853780127528464
0,estimated_witness,4.0,1.0,0.03,0.18560121511257896
0,estimated_witness,4.0,0.1,0.3,0.1860023553313298
0,estimated_witness,0.5,0.75,0.03,0.18707695424582782
0,estimated_witness,0.25,0.5,0.3,0.18843871014493463
0,estimated_witness,0.5,0.75,0.1,0.18875002406203648
0,estimated_witness,2.0,0.25,1.0,0.19137351845268888
0,estimated_witness,4.0,0.25,0.03,0.19200649429334318
0,estimated_witness,2.0,0.1,1.0,0.19253052340400564
0,estimated_witness,1.0,0.1,1.0,0.1925558869300573
0,estimated_witness,1.0,0.25,1.0,0.19260813790358444
0,estimated_witness,1.0,0.1,0.1,0.19275254492284466
0,estimated_witness,4.0,0.25,1.0,0.1930022898230177
0,estimated_witness,2.0,1.0,0.1,0.19313468092912833
0,estimated_witness,0.5,0.1,0.1,0.19336677593037696
0,estimated_witness,4.0,0.1,1.0,0.19348692690238126
0,estimated_witness,0.5,0.1,1.0,0.19391154970418342
0,estimated_witness,0.25,0.0,1.0,0.1948145350908048
0,estimated_witness,0.25,0.1,1.0,0.19566493526937248
0,estimated_witness,2.0,1.0,0.03,0.195869878130399
0,estimated_witness,2.0,0.5,1.0,0.19601609953222585
0,estimated_witness,0.5,0.25,1.0,0.19666421525597497
0,estimated_witness,4.0,0.5,1.0,0.19754531993056434
0,estimated_witness,0.25,0.1,0.1,0.19863410177664798
0,estimated_witness,2.0,0.1,0.1,0.1988487667698471
0,estimated_witness,0.25,0.0,0.3,0.1990890728551168
0,estimated_witness,0.25,0.25,1.0,0.20104749825400794
0,estimated_witness,1.0,0.5,1.0,0.20104812872899638
0,estimated_witness,1.0,0.9,0.3,0.20113745541205674
0,estimated_witness,0.5,0.75,0.3,0.20190965398624508
0,estimated_witness,4.0,1.0,0.3,0.20286775457563785
0,estimated_witness,0.5,0.1,0.03,0.206631171449258
0,estimated_witness,0.25,0.75,0.03,0.20674909135556915
0,estimated_witness,1.0,0.1,0.03,0.2067497077728233
0,estimated_witness,2.0,1.0,0.3,0.2079249919171017
0,estimated_witness,4.0,0.1,0.1,0.2092771772577193
0,estimated_witness,0.25,0.75,0.1,0.2102481788026366
0,estimated_witness,0.5,0.5,1.0,0.210980186028519
0,estimated_witness,2.0,0.75,1.0,0.2120822521146947
0,estimated_witness,4.0,0.75,1.0,0.21326724232902503
0,estimated_witness,0.25,0.1,0.03,0.21329415346498037
0,estimated_witness,2.0,0.1,0.03,0.21666035593544372
0,estimated_witness,0.5,0.9,0.03,0.2174983666928727
0,estimated_witness,1.0,1.0,0.1,0.21999932973592187
0,estimated_witness,0.5,0.9,0.1,0.22023108134811334
0,estimated_witness,0.25,0.5,1.0,0.2204250724759442
0,estimated_witness,1.0,1.0,0.03,0.2210208353000465
0,estimated_witness,1.0,0.75,1.0,0.22238035419013066
0,estimated_witness,0.25,0.75,0.3,0.2228401816466724
0,estimated_witness,2.0,0.9,1.0,0.23143433247518921
0,estimated_witness,1.0,1.0,0.3,0.23235599290215955
0,estimated_witness,4.0,0.9,1.0,0.23352972964638644
0,estimated_witness,0.5,0.9,0.3,0.23412400473792672
0,estimated_witness,4.0,0.1,0.03,0.23421436932924444
0,estimated_witness,0.25,0.0,3.0,0.23737126375049553
0,estimated_witness,2.0,0.1,3.0,0.24025107504501897
0,estimated_witness,4.0,0.1,3.0,0.2403174906908897
0,estimated_witness,0.5,0.75,1.0,0.24032730056676713
0,estimated_witness,1.0,0.1,3.0,0.24050820778708495
0,estimated_witness,0.5,0.1,3.0,0.24132387950298437
0,estimated_witness,0.25,0.1,3.0,0.24231535385296657
0,estimated_witness,0.25,0.0,0.1,0.2432003424462943
0,estimated_witness,1.0,0.9,1.0,0.24520547424043995
0,estimated_witness,2.0,0.25,3.0,0.2459445556620179
0,estimated_witness,4.0,0.25,3.0,0.24644780648098763
0,estimated_witness,1.0,0.25,3.0,0.2468662645185896
0,estimated_witness,0.25,0.9,0.03,0.2487201185492589
0,estimated_witness,0.5,0.25,3.0,0.24923247993365982
0,estimated_witness,0.25,0.25,3.0,0.25187566625589125
0,estimated_witness,2.0,1.0,1.0,0.25210777813366075
0,estimated_witness,0.25,0.9,0.1,0.25245741180273645
0,estimated_witness,4.0,1.0,1.0,0.25657701905606345
0,estimated_witness,0.25,0.75,1.0,0.25725181181559453
0,estimated_witness,2.0,0.5,3.0,0.25885505136920545
0,estimated_witness,0.5,1.0,0.03,0.25996468303011905
0,estimated_witness,4.0,0.5,3.0,0.26020736734229016
0,estimated_witness,0.5,1.0,0.1,0.26052486973987304
0,estimated_witness,1.0,0.5,3.0,0.2615218337861869
0,estimated_witness,0.25,0.9,0.3,0.2644006308371173
0,estimated_witness,0.5,0.5,3.0,0.2673862280343504
0,estimated_witness,1.0,1.0,1.0,0.2677909229479393
0,estimated_witness,0.5,0.9,1.0,0.2695177408766542
0,estimated_witness,0.5,1.0,0.3,0.2705809959609305
0,estimated_witness,0.25,0.5,3.0,0.27359452224613895
0,estimated_witness,2.0,0.75,3.0,0.2777793370693365
0,estimated_witness,4.0,0.75,3.0,0.2805287698431186
0,estimated_witness,1.0,0.75,3.0,0.28272510811394835
0,estimated_witness,0.5,0.75,3.0,0.2933183863242055
0,estimated_witness,2.0,0.9,3.0,0.2933841855105988
0,estimated_witness,0.25,0.9,1.0,0.2935562819491206
0,estimated_witness,0.5,1.0,1.0,0.2971888953537625
0,estimated_witness,4.0,0.9,3.0,0.29762169169028424
0,estimated_witness,1.0,0.9,3.0,0.2998547850626799
0,estimated_witness,0.25,1.0,0.03,0.30139131800401386
0,estimated_witness,0.25,1.0,0.1,0.3030888833522824
0,estimated_witness,0.25,0.0,0.03,0.3035367809221372
0,estimated_witness,0.25,0.75,3.0,0.3045683045839012
0,estimated_witness,2.0,1.0,3.0,0.30629955463931335
0,estimated_witness,0.25,0.0,10.0,0.30671605854180445
0,estimated_witness,4.0,0.1,10.0,0.3081522884396699
0,estimated_witness,2.0,0.1,10.0,0.3090151186450092
0,estimated_witness,1.0,0.1,10.0,0.30976258823751346
0,estimated_witness,0.25,1.0,0.3,0.3103699617831315
0,estimated_witness,0.5,0.1,10.0,0.31047181995738743
0,estimated_witness,0.25,0.1,10.0,0.3111378531924738
0,estimated_witness,4.0,1.0,3.0,0.3120465097970519
0,estimated_witness,4.0,0.25,10.0,0.3129876855812029
0,estimated_witness,1.0,1.0,3.0,0.3137929207991346
0,estimated_witness,2.0,0.25,10.0,0.31398719617685394
0,estimated_witness,0.5,0.9,3.0,0.31406963529353754
0,estimated_witness,1.0,0.25,10.0,0.3152909106249021
0,estimated_witness,0.5,0.25,10.0,0.3168863756033603
0,estimated_witness,0.25,0.25,10.0,0.31851292992791486
0,estimated_witness,4.0,0.5,10.0,0.32337725191830974
0,estimated_witness,2.0,0.5,10.0,0.32400324401254327
0,estimated_witness,1.0,0.5,10.0,0.3260857284513184
0,estimated_witness,0.25,1.0,1.0,0.3281292889001397
0,estimated_witness,0.5,0.5,10.0,0.3292980127590917
0,estimated_witness,0.25,0.9,3.0,0.329500055324337
0,estimated_witness,0.5,1.0,3.0,0.33085966907699943
0,estimated_witness,0.25,0.5,10.0,0.3327326551215875
0,estimated_witness,2.0,0.75,10.0,0.33577519984086807
0,estimated_witness,4.0,0.75,10.0,0.3358236115353628
0,estimated_witness,1.0,0.75,10.0,0.33870650599191693
0,estimated_witness,2.0,0.9,10.0,0.3437682410995509
0,estimated_witness,0.5,0.75,10.0,0.34387082275829123
0,estimated_witness,4.0,0.9,10.0,0.3443576866971643
0,estimated_witness,1.0,0.9,10.0,0.34725215750787025
0,estimated_witness,0.25,0.75,10.0,0.3495374929083422
0,estimated_witness,2.0,1.0,10.0,0.34953790350408936
0,estimated_witness,0.25,1.0,3.0,0.3498232924838168
0,estimated_witness,4.0,1.0,10.0,0.3505558081188828
0,estimated_witness,1.0,1.0,10.0,0.3534065737290324
0,estimated_witness,0.5,0.9,10.0,0.3537741283749362
0,estimated_witness,0.5,1.0,10.0,0.3609203127148328
0,estimated_witness,0.25,0.9,10.0,0.3610355172479971
0,estimated_witness,0.25,1.0,10.0,0.369370858375601
0,geometry_only,0.25,0.0,1.0,0.1948145350908048
0,geometry_only,0.25,0.0,0.3,0.1990890728551168
0,geometry_only,0.25,0.0,3.0,0.23737126375049553
0,geometry_only,0.25,0.0,0.1,0.2432003424462943
0,geometry_only,0.25,0.0,0.03,0.3035367809221372
0,geometry_only,0.25,0.0,10.0,0.30671605854180445
1,estimated_witness,1.0,0.75,0.1,0.16244101274296577
1,estimated_witness,0.5,0.75,0.1,0.16269132383421733
1,estimated_witness,1.0,0.9,0.1,0.16294209390152334
1,estimated_witness,1.0,0.9,0.03,0.16347681133740413
1,estimated_witness,0.5,0.75,0.03,0.16476261673831294
1,estimated_witness,1.0,0.75,0.03,0.16683008326131585
1,estimated_witness,1.0,0.75,0.3,0.16741438140288165
1,estimated_witness,0.5,0.9,0.03,0.1675090161999613
1,estimated_witness,0.5,0.9,0.1,0.16780910754226097
1,estimated_witness,0.5,0.75,0.3,0.16808944491404498
1,estimated_witness,2.0,0.9,0.1,0.1683194263410224
1,estimated_witness,2.0,0.9,0.03,0.16912377136223553
1,estimated_witness,0.5,0.5,0.3,0.1693717861201086
1,estimated_witness,0.5,0.5,0.1,0.1694740920885254
1,estimated_witness,0.25,0.75,0.1,0.16982162978441165
1,estimated_witness,0.25,0.75,0.03,0.17006721358405522
1,estimated_witness,0.25,0.5,0.1,0.17096847888825553
1,estimated_witness,2.0,0.75,0.1,0.17160183245064153
1,estimated_witness,0.25,0.5,0.3,0.1722002496066972
1,estimated_witness,1.0,0.9,0.3,0.17234578170272943
1,estimated_witness,1.0,0.5,0.3,0.17242331563457267
1,estimated_witness,2.0,0.75,0.3,0.17404731783766625
1,estimated_witness,0.25,0.5,0.03,0.17463902337835466
1,estimated_witness,0.5,0.9,0.3,0.17530509192783753
1,estimated_witness,0.25,0.75,0.3,0.17533343083511968
1,estimated_witness,1.0,0.5,0.1,0.17563559315990065
1,estimated_witness,0.5,0.5,0.03,0.17588852872523872
1,estimated_witness,4.0,0.9,0.1,0.17658827365133412
1,estimated_witness,0.25,0.9,0.03,0.1779279163929323
1,estimated_witness,0.25,0.9,0.1,0.1791243649535074
1,estimated_witness,2.0,0.9,0.3,0.17917959332603348
1,estimated_witness,1.0,1.0,0.1,0.17957191889478794
1,estimated_witness,2.0,0.5,0.3,0.18004793307521497
1,estimated_witness,2.0,0.75,0.03,0.18041115785738246
1,estimated_witness,4.0,0.9,0.03,0.18068506675553922
1,estimated_witness,4.0,0.75,0.3,0.18122984672653344
1,estimated_witness,4.0,0.75,0.1,0.18212472867608942
1,estimated_witness,0.5,1.0,0.1,0.18244747318375729
1,estimated_witness,0.25,0.25,0.3,0.18311031152662097
1,estimated_witness,0.5,0.25,0.3,0.18321178584017117
1,estimated_witness,0.5,0.5,1.0,0.18330231743905132
1,estimated_witness,0.5,1.0,0.03,0.18389641414962096
1,estimated_witness,1.0,1.0,0.3,0.1847118636878441
1,estimated_witness,1.0,0.5,1.0,0.1849340007876387
1,estimated_witness,1.0,0.5,0.03,0.1857047965044947
1,estimated_witness,0.25,0.9,0.3,0.18573245684847503
1,estimated_witness,0.25,0.5,1.0,0.18602110594944624
1,estimated_witness,0.5,0.25,1.0,0.1866874834866827
1,estimated_witness,4.0,0.5,0.3,0.187208437884402
1,estimated_witness,0.25,0.25,1.0,0.18736558045480214
1,estimated_witness,1.0,1.0,0.03,0.1873793243367643
1,estimated_witness,0.5,1.0,0.3,0.18739582568636412
1,estimated_witness,0.5,0.75,1.0,0.18750374466031353
1,estimated_witness,4.0,0.9,0.3,0.18760663962964022
1,estimated_witness,1.0,0.25,0.3,0.1878708617969229
1,estimated_witness,1.0,0.75,1.0,0.18822598340161015
1,estimated_witness,1.0,0.25,1.0,0.18850693988677203
1,estimated_witness,2.0,1.0,0.1,0.18860635479581075
1,estimated_witness,2.0,0.5,0.1,0.1886612549765521
1,estimated_witness,0.25,0.25,0.1,0.19013398641062396
1,estimated_witness,2.0,0.5,1.0,0.19026870368464208
1,estimated_witness,0.5,0.25,0.1,0.1917335012032474
1,estimated_witness,2.0,0.25,1.0,0.19205854321941174
1,estimated_witness,0.25,0.1,1.0,0.1926354364387596
1,estimated_witness,0.5,0.1,1.0,0.19263898662896783
1,estimated_witness,0.25,0.75,1.0,0.19306144434169528
1,estimated_witness,0.25,1.0,0.03,0.19368998037399696
1,estimated_witness,1.0,0.1,1.0,0.19375671174842224
1,estimated_witness,0.25,1.0,0.1,0.1945535181641239
1,estimated_witness,2.0,0.25,0.3,0.19474162141908447
1,estimated_witness,0.5,0.9,1.0,0.19492924375005918
1,estimated_witness,1.0,0.9,1.0,0.19511619299411675
1,estimated_witness,2.0,1.0,0.3,0.19512325026395913
1,estimated_witness,2.0,0.75,1.0,0.19524543326497282
1,estimated_witness,2.0,0.1,1.0,0.1955598444642168
1,estimated_witness,4.0,0.25,1.0,0.19556343035886178
1,estimated_witness,4.0,0.5,1.0,0.19591993647386965
1,estimated_witness,4.0,0.1,1.0,0.19734017185000038
1,estimated_witness,4.0,0.75,0.03,0.1980514209540746
1,estimated_witness,2.0,1.0,0.03,0.19827657118586647
1,estimated_witness,0.25,0.0,1.0,0.19899506933643338
1,estimated_witness,0.25,1.0,0.3,0.19958027597132907
1,estimated_witness,0.25,0.25,0.03,0.19979264104872133
1,estimated_witness,0.25,0.1,0.3,0.2002452720890782
1,estimated_witness,1.0,0.25,0.1,0.20047501832364198
1,estimated_witness,4.0,0.5,0.1,0.20064071529182828
1,estimated_witness,4.0,0.25,0.3,0.20076081804418264
1,estimated_witness,0.5,0.1,0.3,0.20096301048052823
1,estimated_witness,4.0,1.0,0.1,0.20181025648924766
1,estimated_witness,0.25,0.9,1.0,0.2027040338944562
1,estimated_witness,0.5,1.0,1.0,0.20316289878160018
1,estimated_witness,1.0,1.0,1.0,0.20323723268963
1,estimated_witness,4.0,0.75,1.0,0.2034564258644055
1,estimated_witness,0.5,0.25,0.03,0.20370712150120332
1,estimated_witness,2.0,0.9,1.0,0.20393563628563427
1,estimated_witness,1.0,0.1,0.3,0.20438660418969712
1,estimated_witness,2.0,0.5,0.03,0.20459735938338638
1,estimated_witness,4.0,1.0,0.03,0.20732557741106739
1,estimated_witness,0.5,0.25,3.0,0.20861808739827406
1,estimated_witness,2.0,0.1,0.3,0.20865137125312314
1,estimated_witness,4.0,1.0,0.3,0.20874796990962785
1,estimated_witness,0.25,0.25,3.0,0.2090839783277999
1,estimated_witness,0.5,0.1,3.0,0.2093668374272004
1,estimated_witness,0.25,0.1,3.0,0.20954623288030347
1,estimated_witness,1.0,0.1,3.0,0.2100215266333684
1,estimated_witness,1.0,0.25,3.0,0.21002181368022277
1,estimated_witness,0.5,0.5,3.0,0.21042931691067635
1,estimated_witness,0.25,0.0,3.0,0.21115340480971645
1,estimated_witness,2.0,0.1,3.0,0.21147601845056382
1,estimated_witness,0.25,0.5,3.0,0.21188845833030276
1,estimated_witness,4.0,0.1,0.3,0.21224599575338657
1,estimated_witness,1.0,0.5,3.0,0.21246736676098457
1,estimated_witness,0.25,1.0,1.0,0.2127763596027561
1,estimated_witness,2.0,0.25,0.1,0.21294727027309926
1,estimated_witness,4.0,0.1,3.0,0.21305320217932544
1,estimated_witness,2.0,0.25,3.0,0.21310331758716516
1,estimated_witness,2.0,1.0,1.0,0.2142379733583548
1,estimated_witness,4.0,0.9,1.0,0.2150173443517449
1,estimated_witness,0.5,0.75,3.0,0.21583201034643232
1,estimated_witness,1.0,0.25,0.03,0.21592151572043491
1,estimated_witness,4.0,0.25,3.0,0.21629246686088346
1,estimated_witness,2.0,0.5,3.0,0.21775049717283146
1,estimated_witness,1.0,0.75,3.0,0.21809162020958128
1,estimated_witness,0.25,0.75,3.0,0.21889003227744155
1,estimated_witness,0.25,0.1,0.1,0.21908851087315648
1,estimated_witness,0.5,0.1,0.1,0.2205654338635529
1,estimated_witness,0.5,0.9,3.0,0.22114913991269392
1,estimated_witness,0.25,0.0,0.3,0.22205347330724753
1,estimated_witness,4.0,0.5,0.03,0.22280627006654616
1,estimated_witness,4.0,0.5,3.0,0.2233514748943637
1,estimated_witness,1.0,0.9,3.0,0.22341677858324735
1,estimated_witness,4.0,0.25,0.1,0.22368498695595315
1,estimated_witness,0.25,0.9,3.0,0.2255341861520426
1,estimated_witness,2.0,0.75,3.0,0.2256056892193096
1,estimated_witness,0.5,1.0,3.0,0.2257962840450137
1,estimated_witness,1.0,0.1,0.1,0.22743468987692217
1,estimated_witness,1.0,1.0,3.0,0.22802624492234114
1,estimated_witness,4.0,1.0,1.0,0.22884070164971657
1,estimated_witness,0.25,1.0,3.0,0.2312917504051292
1,estimated_witness,2.0,0.9,3.0,0.23251626151969598
1,estimated_witness,2.0,0.25,0.03,0.23338727105921023
1,estimated_witness,4.0,0.75,3.0,0.23408405604276927
1,estimated_witness,2.0,0.1,0.1,0.23625822237263935
1,estimated_witness,0.25,0.1,0.03,0.23689630946159387
1,estimated_witness,2.0,1.0,3.0,0.23838502624615035
1,estimated_witness,0.5,0.1,0.03,0.23899994483865358
1,estimated_witness,0.5,0.1,10.0,0.23990981384719065
1,estimated_witness,0.25,0.1,10.0,0.2401169797175593
1,estimated_witness,0.5,0.25,10.0,0.24012108266180923
1,estimated_witness,1.0,0.1,10.0,0.24027668323762605
1,estimated_witness,0.25,0.0,10.0,0.2404204560320028
1,estimated_witness,0.25,0.25,10.0,0.24042282091248815
1,estimated_witness,1.0,0.25,10.0,0.24113655075986953
1,estimated_witness,2.0,0.1,10.0,0.24120653035492925
1,estimated_witness,0.5,0.5,10.0,0.2419536550271507
1,estimated_witness,4.0,0.1,10.0,0.24221362239352826
1,estimated_witness,0.25,0.5,10.0,0.24242590942389572
1,estimated_witness,4.0,0.9,3.0,0.24330649702714702
1,estimated_witness,2.0,0.25,10.0,0.24334867183468253
1,estimated_witness,4.0,0.1,0.1,0.24379267011552783
1,estimated_witness,1.0,0.5,10.0,0.2438070454787463
1,estimated_witness,0.5,0.75,10.0,0.24505939533262647
1,estimated_witness,4.0,0.25,10.0,0.2456275238057343
1,estimated_witness,0.25,0.75,10.0,0.24593132518387062
1,estimated_witness,0.5,0.9,10.0,0.24746450439681175
1,estimated_witness,1.0,0.75,10.0,0.24746857245531736
1,estimated_witness,2.0,0.5,10.0,0.24775012044956454
1,estimated_witness,1.0,0.1,0.03,0.24848690134013882
1,estimated_witness,4.0,0.25,0.03,0.24865181066434727
1,estimated_witness,0.25,0.9,10.0,0.24870846943620628
1,estimated_witness,0.5,1.0,10.0,0.2492963142471161
1,estimated_witness,1.0,0.9,10.0,0.2501072374811281
1,estimated_witness,0.25,1.0,10.0,0.2508478037003759
1,estimated_witness,4.0,1.0,3.0,0.2511554207070479
1,estimated_witness,4.0,0.5,10.0,0.2517552638640656
1,estimated_witness,1.0,1.0,10.0,0.25206007784735146
1,estimated_witness,2.0,0.75,10.0,0.2529320699619821
1,estimated_witness,2.0,0.9,10.0,0.25646382497464887
1,estimated_witness,4.0,0.75,10.0,0.2585925292322517
1,estimated_witness,2.0,1.0,10.0,0.2590204217782195
1,estimated_witness,2.0,0.1,0.03,0.26143563595647606
1,estimated_witness,4.0,0.9,10.0,0.2631795690541548
1,estimated_witness,0.25,0.0,0.1,0.26612013201434753
1,estimated_witness,4.0,1.0,10.0,0.26648676617541395
1,estimated_witness,4.0,0.1,0.03,0.2727967442876896
1,estimated_witness,0.25,0.0,0.03,0.3159479606740352
1,geometry_only,0.25,0.0,1.0,0.19899506933643338
1,geometry_only,0.25,0.0,3.0,0.21115340480971645
1,geometry_only,0.25,0.0,0.3,0.22205347330724753
1,geometry_only,0.25,0.0,10.0,0.2404204560320028
1,geometry_only,0.25,0.0,0.1,0.26612013201434753
1,geometry_only,0.25,0.0,0.03,0.3159479606740352
2,estimated_witness,1.0,0.75,0.1,0.1456734769280226
2,estimated_witness,1.0,0.9,0.1,0.14710384625891681
2,estimated_witness,2.0,0.9,0.1,0.1472392620214068
2,estimated_witness,1.0,0.75,0.3,0.1478603462812951
2,estimated_witness,0.5,0.75,0.1,0.14819922642630204
2,estimated_witness,2.0,0.75,0.1,0.14938701309023977
2,estimated_witness,0.5,0.75,0.03,0.14973272726390066
2,estimated_witness,1.0,0.75,0.03,0.1499755261631097
2,estimated_witness,2.0,0.75,0.3,0.15002766680323992
2,estimated_witness,2.0,0.9,0.3,0.15017481315938763
2,estimated_witness,1.0,0.9,0.3,0.1506398348421624
2,estimated_witness,1.0,0.9,0.03,0.15092136128621195
2,estimated_witness,0.5,0.75,0.3,0.15103347408125534
2,estimated_witness,4.0,0.9,0.1,0.15104894053452222
2,estimated_witness,4.0,0.9,0.3,0.15322738983634834
2,estimated_witness,0.5,0.5,0.1,0.153481342949773
2,estimated_witness,0.5,0.9,0.1,0.15366086255744135
2,estimated_witness,1.0,0.5,0.3,0.15381857932387114
2,estimated_witness,1.0,0.5,0.1,0.1538449154460224
2,estimated_witness,0.5,0.5,0.3,0.15415761166314132
2,estimated_witness,0.25,0.75,0.1,0.15439284496469072
2,estimated_witness,0.25,0.75,0.03,0.1544171010878307
2,estimated_witness,2.0,0.9,0.03,0.15443275714302893
2,estimated_witness,4.0,0.75,0.3,0.1547543660005227
2,estimated_witness,0.5,0.9,0.03,0.15498282432320387
2,estimated_witness,4.0,0.75,0.1,0.15579527823207207
2,estimated_witness,0.5,0.5,0.03,0.15645837239841143
2,estimated_witness,0.5,0.9,0.3,0.15706600832749754
2,estimated_witness,0.25,0.75,0.3,0.15748528294338157
2,estimated_witness,2.0,0.75,0.03,0.15767984889789738
2,estimated_witness,0.25,0.5,0.1,0.15781805949906513
2,estimated_witness,2.0,1.0,0.3,0.1580801054833538
2,estimated_witness,2.0,0.5,0.3,0.15829518271065257
2,estimated_witness,0.25,0.5,0.3,0.15848784345723738
2,estimated_witness,0.25,0.5,0.03,0.15920405933454587
2,estimated_witness,2.0,1.0,0.1,0.1592830628476616
2,estimated_witness,1.0,0.5,0.03,0.1595170667722441
2,estimated_witness,2.0,0.5,0.1,0.16005812910946696
2,estimated_witness,1.0,1.0,0.3,0.1601794472742315
2,estimated_witness,1.0,1.0,0.1,0.1603262641537768
2,estimated_witness,4.0,1.0,0.3,0.16078672067584604
2,estimated_witness,1.0,0.75,1.0,0.1617312261743403
2,estimated_witness,4.0,0.9,0.03,0.16210666404484642
2,estimated_witness,0.25,0.9,0.03,0.162115284983878
2,estimated_witness,1.0,0.5,1.0,0.1623016153136069
2,estimated_witness,0.25,0.9,0.1,0.16244965023408411
2,estimated_witness,4.0,1.0,0.1,0.16277306705111275
2,estimated_witness,2.0,0.75,1.0,0.1627849794845331
2,estimated_witness,0.5,0.5,1.0,0.16286837842469626
2,estimated_witness,0.5,0.75,1.0,0.16432527640900077
2,estimated_witness,2.0,0.5,1.0,0.1644670403487977
2,estimated_witness,4.0,0.5,0.3,0.16478862577681427
2,estimated_witness,0.25,0.5,1.0,0.16588353958121163
2,estimated_witness,4.0,0.75,1.0,0.16608770797649308
2,estimated_witness,0.25,0.9,0.3,0.1661170152035206
2,estimated_witness,2.0,0.9,1.0,0.16612809312169916
2,estimated_witness,1.0,0.9,1.0,0.16632612980746578
2,estimated_witness,4.0,0.5,1.0,0.1678010732728937
2,estimated_witness,4.0,0.75,0.03,0.16790794734164402
2,estimated_witness,0.5,1.0,0.1,0.16859176905847276
2,estimated_witness,0.5,0.25,0.3,0.16867051163146551
2,estimated_witness,2.0,0.5,0.03,0.16883870748222926
2,estimated_witness,4.0,0.5,0.1,0.16887082486628635
2,estimated_witness,0.5,0.25,1.0,0.1691909532121638
2,estimated_witness,0.5,1.0,0.3,0.16923068800688348
2,estimated_witness,1.0,0.25,1.0,0.1694400579831823
2,estimated_witness,0.25,0.75,1.0,0.16950965697239828
2,estimated_witness,4.0,0.9,1.0,0.16951779090036592
2,estimated_witness,1.0,0.25,0.3,0.1696665881633743
2,estimated_witness,0.25,0.25,1.0,0.1706675212706585
2,estimated_witness,0.5,0.9,1.0,0.17110253152094482
2,estimated_witness,0.25,0.25,0.3,0.17141807414686308
2,estimated_witness,2.0,0.25,1.0,0.17141833424579955
2,estimated_witness,1.0,1.0,0.03,0.17150048447601965
2,estimated_witness,0.5,0.25,0.1,0.17150639261253756
2,estimated_witness,2.0,1.0,1.0,0.1723172639014051
2,estimated_witness,1.0,0.25,0.1,0.17278026836962065
2,estimated_witness,0.5,1.0,0.03,0.17286478830977658
2,estimated_witness,1.0,1.0,1.0,0.17339288524213128
2,estimated_witness,4.0,0.25,1.0,0.17393970876673384
2,estimated_witness,2.0,0.25,0.3,0.17448584396189593
2,estimated_witness,0.25,0.25,0.1,0.1751597984606205
2,estimated_witness,0.5,0.1,1.0,0.17648971417298856
2,estimated_witness,0.5,0.25,0.03,0.17649441333223448
2,estimated_witness,4.0,1.0,1.0,0.1765150891444456
2,estimated_witness,1.0,0.1,1.0,0.17671705198792095
2,estimated_witness,0.25,0.1,1.0,0.17708151447430795
2,estimated_witness,2.0,0.1,1.0,0.17779116824330463
2,estimated_witness,0.25,0.9,1.0,0.1786663310356493
2,estimated_witness,1.0,0.25,0.03,0.17876789533528414
2,estimated_witness,2.0,1.0,0.03,0.17898066214446753
2,estimated_witness,4.0,0.1,1.0,0.17908957933743186
2,estimated_witness,0.25,0.25,0.03,0.17924301351029426
2,estimated_witness,0.25,1.0,0.1,0.1792829878294536
2,estimated_witness,1.0,0.25,3.0,0.17939467897132108
2,estimated_witness,4.0,0.5,0.03,0.1794498982839332
2,estimated_witness,0.5,0.25,3.0,0.17950192819801947
2,estimated_witness,0.25,1.0,0.03,0.17970130663149017
2,estimated_witness,2.0,0.25,0.1,0.1797078673288182
2,estimated_witness,2.0,0.25,3.0,0.17992835482600053
2,estimated_witness,1.0,0.5,3.0,0.18008777142137297
2,estimated_witness,0.5,1.0,1.0,0.18024455007131412
2,estimated_witness,1.0,0.1,3.0,0.18028721863606803
2,estimated_witness,0.25,0.25,3.0,0.18029153147237387
2,estimated_witness,0.5,0.1,3.0,0.18031542329164119
2,estimated_witness,2.0,0.1,3.0,0.1805192791422678
2,estimated_witness,0.25,0.1,3.0,0.18063728300147766
2,estimated_witness,4.0,0.25,3.0,0.18064457440745074
2,estimated_witness,2.0,0.5,3.0,0.18069976402158705
2,estimated_witness,4.0,0.1,3.0,0.18072547172947762
2,estimated_witness,0.5,0.5,3.0,0.18077055041475246
2,estimated_witness,4.0,0.25,0.3,0.18078876898481835
2,estimated_witness,0.25,1.0,0.3,0.18128726845270063
2,estimated_witness,0.25,0.0,3.0,0.18159022018596857
2,estimated_witness,4.0,0.5,3.0,0.1821144192830153
2,estimated_witness,0.25,0.5,3.0,0.18263319876633596
2,estimated_witness,0.25,0.0,1.0,0.1831643980976417
2,estimated_witness,1.0,0.75,3.0,0.18434523485254586
2,estimated_witness,2.0,0.75,3.0,0.18458877187935974
2,estimated_witness,0.5,0.75,3.0,0.18628401069472703
2,estimated_witness,0.5,0.1,0.3,0.1862909920488358
2,estimated_witness,2.0,0.25,0.03,0.1864842145970813
2,estimated_witness,4.0,0.75,3.0,0.1867305783105743
2,estimated_witness,1.0,0.1,0.3,0.18742674968288497
2,estimated_witness,0.25,0.1,0.3,0.18766902630374724
2,estimated_witness,2.0,0.9,3.0,0.1893090092280243
2,estimated_witness,1.0,0.9,3.0,0.18945804261466445
2,estimated_witness,0.25,0.75,3.0,0.18986544153601334
2,estimated_witness,4.0,0.25,0.1,0.18988137836333585
2,estimated_witness,0.25,1.0,1.0,0.1905703132314801
2,estimated_witness,2.0,0.1,0.3,0.19075534211655562
2,estimated_witness,4.0,1.0,0.03,0.19140204369475589
2,estimated_witness,4.0,0.9,3.0,0.19213691922670004
2,estimated_witness,0.5,0.9,3.0,0.1926236638288804
2,estimated_witness,2.0,1.0,3.0,0.194014003865297
2,estimated_witness,1.0,1.0,3.0,0.19445201237063672
2,estimated_witness,4.0,0.1,0.3,0.1947849034812691
2,estimated_witness,0.5,0.1,0.1,0.19643657240864484
2,estimated_witness,4.0,1.0,3.0,0.19758507545361528
2,estimated_witness,4.0,0.25,0.03,0.19777323285848034
2,estimated_witness,0.25,0.9,3.0,0.197858168334789
2,estimated_witness,1.0,0.1,0.1,0.19837927355217042
2,estimated_witness,0.5,1.0,3.0,0.1987188435889555
2,estimated_witness,4.0,0.1,10.0,0.19888545819389747
2,estimated_witness,0.25,0.1,0.1,0.1992841571880164
2,estimated_witness,0.25,0.0,10.0,0.1993915637160204
2,estimated_witness,2.0,0.1,10.0,0.19946224369514706
2,estimated_witness,1.0,0.1,10.0,0.1998432466985469
2,estimated_witness,4.0,0.25,10.0,0.20005714392389318
2,estimated_witness,0.5,0.1,10.0,0.20007395050114804
2,estimated_witness,0.25,0.1,10.0,0.20030495316981878
2,estimated_witness,2.0,0.25,10.0,0.2006884935382994
2,estimated_witness,1.0,0.25,10.0,0.20120106102286237
2,estimated_witness,0.5,0.25,10.0,0.2016178579988581
2,estimated_witness,0.25,0.25,10.0,0.20212889957789384
2,estimated_witness,4.0,0.5,10.0,0.20345005038386513
2,estimated_witness,2.0,0.5,10.0,0.20383324497101105
2,estimated_witness,0.5,0.1,0.03,0.20444025898341658
2,estimated_witness,1.0,0.5,10.0,0.20445740257992873
2,estimated_witness,2.0,0.1,0.1,0.20494810367356017
2,estimated_witness,0.5,0.5,10.0,0.20525859517316483
2,estimated_witness,0.25,1.0,3.0,0.20553152862895976
2,estimated_witness,1.0,0.1,0.03,0.2059922465526615
2,estimated_witness,0.25,0.5,10.0,0.2063362506483635
2,estimated_witness,0.25,0.0,0.3,0.2074457594949314
2,estimated_witness,4.0,0.75,10.0,0.2080666123106516
2,estimated_witness,2.0,0.75,10.0,0.20807274133660306
2,estimated_witness,0.25,0.1,0.03,0.20840038992540832
2,estimated_witness,1.0,0.75,10.0,0.20886647685582638
2,estimated_witness,0.5,0.75,10.0,0.21026406821561142
2,estimated_witness,2.0,0.9,10.0,0.2112302565340607
2,estimated_witness,4.0,0.9,10.0,0.21151303801355495
2,estimated_witness,1.0,0.9,10.0,0.21216094472358168
2,estimated_witness,0.25,0.75,10.0,0.21216360064625386
2,estimated_witness,2.0,1.0,10.0,0.21364189561075406
2,estimated_witness,4.0,0.1,0.1,0.21382613309973708
2,estimated_witness,0.5,0.9,10.0,0.21403839291548624
2,estimated_witness,2.0,0.1,0.03,0.21409889961145548
2,estimated_witness,4.0,1.0,10.0,0.21415311047204244
2,estimated_witness,1.0,1.0,10.0,0.21467699755884354
2,estimated_witness,0.25,0.9,10.0,0.216596264112355
2,estimated_witness,0.5,1.0,10.0,0.21693314164381658
2,estimated_witness,0.25,1.0,10.0,0.22001672698000307
2,estimated_witness,4.0,0.1,0.03,0.2282261974816325
2,estimated_witness,0.25,0.0,0.1,0.24548510687513456
2,estimated_witness,0.25,0.0,0.03,0.3025529427821515
2,geometry_only,0.25,0.0,3.0,0.18159022018596857
2,geometry_only,0.25,0.0,1.0,0.1831643980976417
2,geometry_only,0.25,0.0,10.0,0.1993915637160204
2,geometry_only,0.25,0.0,0.3,0.2074457594949314
2,geometry_only,0.25,0.0,0.1,0.24548510687513456
2,geometry_only,0.25,0.0,0.03,0.3025529427821515
3,estimated_witness,1.0,0.75,0.1,0.16339839129180853
3,estimated_witness,1.0,0.75,0.03,0.16345782280340587
3,estimated_witness,2.0,0.9,0.1,0.16361339716285647
3,estimated_witness,4.0,0.9,0.1,0.1639376797389294
3,estimated_witness,0.5,0.75,0.03,0.16436293384195186
3,estimated_witness,2.0,0.9,0.03,0.16478156125237806
3,estimated_witness,2.0,0.75,0.1,0.16614834001512171
3,estimated_witness,0.5,0.75,0.1,0.1662529960263782
3,estimated_witness,1.0,0.9,0.03,0.1668135420606026
3,estimated_witness,0.25,0.75,0.03,0.16852656649368616
3,estimated_witness,1.0,0.9,0.1,0.16891181176945733
3,estimated_witness,2.0,0.75,0.3,0.1695505175130051
3,estimated_witness,1.0,0.75,0.3,0.1696213621833068
3,estimated_witness,4.0,0.9,0.3,0.16970635594048256
3,estimated_witness,0.5,0.5,0.1,0.17030699798111212
3,estimated_witness,2.0,0.9,0.3,0.170541233694358
3,estimated_witness,0.25,0.75,0.1,0.1706492788961028
3,estimated_witness,4.0,0.9,0.03,0.17111181075023096
3,estimated_witness,0.5,0.5,0.03,0.17139219369735773
3,estimated_witness,2.0,0.75,0.03,0.1721730165929268
3,estimated_witness,0.5,0.75,0.3,0.17276440666923912
3,estimated_witness,4.0,1.0,0.1,0.17298412715666756
3,estimated_witness,0.5,0.5,0.3,0.1732325161242038
3,estimated_witness,4.0,0.75,0.1,0.1734747073898164
3,estimated_witness,1.0,0.5,0.1,0.17348922433564729
3,estimated_witness,4.0,0.75,0.3,0.17356010528030477
3,estimated_witness,0.25,0.5,0.03,0.17356926488461608
3,estimated_witness,0.25,0.5,0.1,0.17362141695689506
3,estimated_witness,1.0,0.5,0.3,0.17441738003087362
3,estimated_witness,0.5,0.9,0.03,0.17588579072591606
3,estimated_witness,0.25,0.5,0.3,0.17605556315402096
3,estimated_witness,1.0,0.9,0.3,0.17666561974098752
3,estimated_witness,0.25,0.75,0.3,0.17668701633153003
3,estimated_witness,2.0,1.0,0.1,0.1768660869696365
3,estimated_witness,4.0,1.0,0.3,0.17686887359442993
3,estimated_witness,0.5,0.9,0.1,0.1783660118495871
3,estimated_witness,1.0,0.5,0.03,0.17898655337464217
3,estimated_witness,2.0,0.5,0.3,0.18010554032603132
3,estimated_witness,2.0,1.0,0.3,0.18069581153100855
3,estimated_witness,0.25,0.9,0.03,0.18338526626754556
3,estimated_witness,2.0,0.5,0.1,0.1842186174749556
3,estimated_witness,0.5,0.5,1.0,0.18432482183874077
3,estimated_witness,1.0,0.5,1.0,0.18456664829960756
3,estimated_witness,0.5,0.9,0.3,0.18519122127988785
3,estimated_witness,2.0,0.75,1.0,0.18534116599718062
3,estimated_witness,0.25,0.9,0.1,0.18577464655800638
3,estimated_witness,0.25,0.5,1.0,0.1859657628949428
3,estimated_witness,1.0,0.75,1.0,0.1861747119711077
3,estimated_witness,2.0,0.5,1.0,0.187148899293801
3,estimated_witness,2.0,1.0,0.03,0.18716010692710758
3,estimated_witness,4.0,0.75,0.03,0.18792259347324922
3,estimated_witness,1.0,1.0,0.1,0.1880381136488162
3,estimated_witness,4.0,0.75,1.0,0.18854309746392825
3,estimated_witness,4.0,0.5,0.3,0.18876501628399656
3,estimated_witness,0.5,0.75,1.0,0.18925806002982384
3,estimated_witness,2.0,0.9,1.0,0.19029552394473806
3,estimated_witness,4.0,1.0,0.03,0.19032361192026856
3,estimated_witness,0.5,0.25,1.0,0.19134291665776085
3,estimated_witness,0.5,0.25,0.3,0.19170163394652706
3,estimated_witness,4.0,0.5,1.0,0.1917501017342881
3,estimated_witness,1.0,1.0,0.3,0.19187126146538983
3,estimated_witness,0.25,0.25,1.0,0.19214899762349738
3,estimated_witness,0.25,0.9,0.3,0.19223427332930854
3,estimated_witness,4.0,0.9,1.0,0.19223908130244827
3,estimated_witness,1.0,1.0,0.03,0.19260250525140288
3,estimated_witness,1.0,0.25,1.0,0.19260435039129567
3,estimated_witness,0.25,0.75,1.0,0.19295872664630584
3,estimated_witness,0.25,0.25,0.3,0.19409509265546498
3,estimated_witness,1.0,0.25,0.3,0.1944713774031017
3,estimated_witness,1.0,0.9,1.0,0.1945835281880783
3,estimated_witness,2.0,0.25,1.0,0.1958606936152437
3,estimated_witness,0.5,0.25,0.1,0.1975386024950783
3,estimated_witness,4.0,0.5,0.1,0.19835437310819307
3,estimated_witness,2.0,0.5,0.03,0.19879545049347866
3,estimated_witness,2.0,1.0,1.0,0.19923214069573023
3,estimated_witness,4.0,0.25,1.0,0.19985556314653752
3,estimated_witness,0.25,0.25,0.1,0.2001862673977776
3,estimated_witness,0.5,0.1,1.0,0.2009418880354041
3,estimated_witness,4.0,1.0,1.0,0.20113448357799044
3,estimated_witness,0.25,0.1,1.0,0.20126662050288457
3,estimated_witness,0.5,0.9,1.0,0.2015365429785049
3,estimated_witness,1.0,0.1,1.0,0.20182331452186672
3,estimated_witness,2.0,0.25,0.3,0.20197128799475875
3,estimated_witness,0.5,1.0,0.1,0.20309142033778546
3,estimated_witness,1.0,0.25,0.1,0.20368662778664584
3,estimated_witness,0.5,0.25,3.0,0.20374851738418553
3,estimated_witness,2.0,0.1,1.0,0.20383826522991644
3,estimated_witness,1.0,0.25,3.0,0.2040192928832536
3,estimated_witness,0.25,0.25,3.0,0.2040392378254358
3,estimated_witness,0.5,1.0,0.03,0.2044047353158364
3,estimated_witness,0.5,0.1,3.0,0.20472885784431524
3,estimated_witness,0.25,0.1,3.0,0.20473653378350906
3,estimated_witness,1.0,0.1,3.0,0.20500481393290737
3,estimated_witness,2.0,0.25,3.0,0.20505211467873294
3,estimated_witness,1.0,0.5,3.0,0.2055000948664748
3,estimated_witness,0.5,0.25,0.03,0.2055778296558252
3,estimated_witness,2.0,0.1,3.0,0.20560279628976033
3,estimated_witness,0.25,0.25,0.03,0.2058140636535617
3,estimated_witness,0.5,1.0,0.3,0.20599291121911575
3,estimated_witness,4.0,0.1,1.0,0.2060830094150329
3,estimated_witness,0.5,0.5,3.0,0.20622521349236678
3,estimated_witness,2.0,0.5,3.0,0.20623216771876232
3,estimated_witness,1.0,1.0,1.0,0.20624383216129535
3,estimated_witness,4.0,0.1,3.0,0.20630780466330345
3,estimated_witness,0.25,0.0,3.0,0.2063956878292996
3,estimated_witness,4.0,0.25,3.0,0.2065551730980879
3,estimated_witness,0.25,0.5,3.0,0.2076802774634584
3,estimated_witness,0.25,0.9,1.0,0.20849125880599395
3,estimated_witness,4.0,0.5,3.0,0.20849352486041597
3,estimated_witness,0.25,0.0,1.0,0.21027150916470158
3,estimated_witness,4.0,0.25,0.3,0.21120981831237529
3,estimated_witness,2.0,0.75,3.0,0.21177164734161713
3,estimated_witness,1.0,0.75,3.0,0.21239058370265695
3,estimated_witness,0.25,1.0,0.03,0.21433170326562845
3,estimated_witness,4.0,0.75,3.0,0.2145139578257572
3,estimated_witness,0.25,1.0,0.1,0.21478444552164822
3,estimated_witness,0.5,0.75,3.0,0.21541987067267576
3,estimated_witness,0.5,0.1,0.3,0.21589449663686186
3,estimated_witness,0.5,1.0,1.0,0.21701805239923855
3,estimated_witness,0.25,0.1,0.3,0.21739351070111143
3,estimated_witness,2.0,0.25,0.1,0.21744746483334051
3,estimated_witness,0.25,1.0,0.3,0.21803380624147808
3,estimated_witness,1.0,0.1,0.3,0.21813728384047246
3,estimated_witness,2.0,0.9,3.0,0.21857861764625872
3,estimated_witness,1.0,0.25,0.03,0.21865976049550515
3,estimated_witness,0.25,0.75,3.0,0.21926360954786686
3,estimated_witness,1.0,0.9,3.0,0.22044355656443723
3,estimated_witness,4.0,0.9,3.0,0.22180653266214156
3,estimated_witness,4.0,0.5,0.03,0.222877335935328
3,estimated_witness,2.0,0.1,0.3,0.2235144430016797
3,estimated_witness,2.0,1.0,3.0,0.22540503305091766
3,estimated_witness,0.5,0.9,3.0,0.2256896307456211
3,estimated_witness,0.25,1.0,1.0,0.22814178860128487
3,estimated_witness,1.0,1.0,3.0,0.2282233303813351
3,estimated_witness,4.0,0.1,10.0,0.22857849486095894
3,estimated_witness,0.25,0.0,10.0,0.22885102140718036
3,estimated_witness,2.0,0.1,10.0,0.22913487531433355
3,estimated_witness,4.0,1.0,3.0,0.2292889328027419
3,estimated_witness,4.0,0.1,0.3,0.22947090459000874
3,estimated_witness,1.0,0.1,10.0,0.22971776305897337
3,estimated_witness,0.5,0.1,10.0,0.23012884030063305
3,estimated_witness,0.25,0.1,10.0,0.230344149605588
3,estimated_witness,4.0,0.25,10.0,0.2303942953168527
3,estimated_witness,2.0,0.25,10.0,0.2309172156308313
3,estimated_witness,1.0,0.25,10.0,0.2317855149904137
3,estimated_witness,0.25,0.9,3.0,0.23204374862136667
3,estimated_witness,0.5,0.25,10.0,0.2326370852910983
3,estimated_witness,0.25,0.25,10.0,0.23322345675816336
3,estimated_witness,4.0,0.25,0.1,0.23357167035773962
3,estimated_witness,4.0,0.5,10.0,0.2351347676680149
3,estimated_witness,2.0,0.5,10.0,0.23532984235617618
3,estimated_witness,0.5,1.0,3.0,0.23541170772892325
3,estimated_witness,1.0,0.5,10.0,0.23654891796539027
3,estimated_witness,0.5,0.1,0.1,0.23667854358871074
3,estimated_witness,0.5,0.5,10.0,0.23826242706079118
3,estimated_witness,0.25,0.1,0.1,0.23854956833718588
3,estimated_witness,0.25,0.5,10.0,0.23977502113540008
3,estimated_witness,2.0,0.75,10.0,0.24129627935119743
3,estimated_witness,4.0,0.75,10.0,0.24150156972676662
3,estimated_witness,1.0,0.1,0.1,0.24212941910365138
3,estimated_witness,2.0,0.25,0.03,0.24252391440519358
3,estimated_witness,1.0,0.75,10.0,0.24299612824916192
3,estimated_witness,0.25,1.0,3.0,0.2442001149578855
3,estimated_witness,0.25,0.0,0.3,0.24471152314634137
3,estimated_witness,2.0,0.9,10.0,0.24576357037520627
3,estimated_witness,0.5,0.75,10.0,0.24590000138259863
3,estimated_witness,4.0,0.9,10.0,0.2462608755154556
3,estimated_witness,1.0,0.9,10.0,0.24782857239748024
3,estimated_witness,0.25,0.75,10.0,0.2488215968510897
3,estimated_witness,2.0,1.0,10.0,0.24918414930717825
3,estimated_witness,4.0,1.0,10.0,0.24991252211928025
3,estimated_witness,1.0,1.0,10.0,0.25152269108816805
3,estimated_witness,0.5,0.9,10.0,0.25163617689962914
3,estimated_witness,2.0,0.1,0.1,0.25327219715225435
3,estimated_witness,0.25,0.9,10.0,0.2556853446884214
3,estimated_witness,0.5,1.0,10.0,0.25602241471718806
3,estimated_witness,0.25,0.1,0.03,0.25641576155216267
3,estimated_witness,0.5,0.1,0.03,0.257186699069613
3,estimated_witness,0.25,1.0,10.0,0.2609648464310571
3,estimated_witness,4.0,0.1,0.1,0.26552013510374534
3,estimated_witness,4.0,0.25,0.03,0.26674621244515484
3,estimated_witness,1.0,0.1,0.03,0.26906622162210925
3,estimated_witness,2.0,0.1,0.03,0.28765278534900846
3,estimated_witness,0.25,0.0,0.1,0.29884726051878113
3,estimated_witness,4.0,0.1,0.03,0.3060474090461157
3,estimated_witness,0.25,0.0,0.03,0.36308750697250775
3,geometry_only,0.25,0.0,3.0,0.2063956878292996
3,geometry_only,0.25,0.0,1.0,0.21027150916470158
3,geometry_only,0.25,0.0,10.0,0.22885102140718036
3,geometry_only,0.25,0.0,0.3,0.24471152314634137
3,geometry_only,0.25,0.0,0.1,0.29884726051878113
3,geometry_only,0.25,0.0,0.03,0.36308750697250775
4,estimated_witness,0.5,0.75,0.1,0.18843755507623908
4,estimated_witness,1.0,0.9,0.1,0.18887341415006145
4,estimated_witness,0.5,0.9,0.1,0.18916735586888336
4,estimated_witness,1.0,0.75,0.3,0.1893027363029605
4,estimated_witness,1.0,0.75,0.1,0.1898686275735637
4,estimated_witness,1.0,0.9,0.3,0.18999805985692272
4,estimated_witness,0.5,0.75,0.3,0.19060453663074725
4,estimated_witness,0.5,0.9,0.03,0.19169298299150753
4,estimated_witness,0.5,0.75,0.03,0.19225409735724389
4,estimated_witness,0.5,0.9,0.3,0.19319741535707494
4,estimated_witness,2.0,0.9,0.3,0.19426696920764086
4,estimated_witness,2.0,0.9,0.1,0.1944956671117162
4,estimated_witness,2.0,0.75,0.3,0.19477608520350767
4,estimated_witness,1.0,0.9,0.03,0.19602521246878327
4,estimated_witness,2.0,0.75,0.1,0.1973636421880033
4,estimated_witness,4.0,0.9,0.1,0.197708343028024
4,estimated_witness,0.25,0.75,0.1,0.1977624983221555
4,estimated_witness,1.0,0.75,0.03,0.19793270891871348
4,estimated_witness,0.25,0.75,0.03,0.19873277520308355
4,estimated_witness,1.0,1.0,0.3,0.19897491099166353
4,estimated_witness,0.5,1.0,0.1,0.19915207453154726
4,estimated_witness,4.0,0.9,0.3,0.19932803234546514
4,estimated_witness,0.5,0.5,0.3,0.20039676944178422
4,estimated_witness,0.25,0.75,0.3,0.20132424734230092
4,estimated_witness,1.0,1.0,0.1,0.20156036805448574
4,estimated_witness,1.0,0.5,0.3,0.20175461891442079
4,estimated_witness,0.5,1.0,0.3,0.2019536816516493
4,estimated_witness,4.0,0.75,0.3,0.2022028242890128
4,estimated_witness,0.5,1.0,0.03,0.20312138498290286
4,estimated_witness,0.5,0.5,0.1,0.20330176382249646
4,estimated_witness,1.0,0.75,1.0,0.20427592520814128
4,estimated_witness,0.25,0.9,0.03,0.20452527270636925
4,estimated_witness,0.25,0.9,0.1,0.20453289463770788
4,estimated_witness,2.0,1.0,0.3,0.2055953298337095
4,estimated_witness,2.0,0.9,0.03,0.2059555049598022
4,estimated_witness,0.25,0.5,0.3,0.20600812028035953
4,estimated_witness,4.0,0.75,0.1,0.2061484748556349
4,estimated_witness,0.5,0.75,1.0,0.2064502354171618
4,estimated_witness,1.0,0.5,0.1,0.20740895940381351
4,estimated_witness,1.0,0.9,1.0,0.20747631440817713
4,estimated_witness,0.5,0.5,1.0,0.20772450999280098
4,estimated_witness,0.25,0.5,0.1,0.20774255925249482
4,estimated_witness,1.0,0.5,1.0,0.20775964807980307
4,estimated_witness,2.0,0.75,1.0,0.2094404888566832
4,estimated_witness,2.0,0.75,0.03,0.20947499865324826
4,estimated_witness,0.25,0.9,0.3,0.20959474092444222
4,estimated_witness,2.0,0.5,0.3,0.20969127839776167
4,estimated_witness,0.5,0.5,0.03,0.210136377701027
4,estimated_witness,4.0,0.9,0.03,0.21062810417463096
4,estimated_witness,0.5,0.9,1.0,0.21143709589160645
4,estimated_witness,4.0,1.0,0.3,0.21189686415125109
4,estimated_witness,0.25,0.5,0.03,0.21200267919394836
4,estimated_witness,0.25,0.5,1.0,0.2128985665496512
4,estimated_witness,2.0,0.5,1.0,0.21290067207189667
4,estimated_witness,2.0,0.9,1.0,0.21290136920514158
4,estimated_witness,1.0,1.0,1.0,0.2135477173067241
4,estimated_witness,2.0,1.0,0.1,0.21362197323391807
4,estimated_witness,1.0,1.0,0.03,0.21417618123972412
4,estimated_witness,0.25,0.75,1.0,0.2164465426446408
4,estimated_witness,4.0,0.75,1.0,0.21680865394005433
4,estimated_witness,1.0,0.5,0.03,0.2179791429809925
4,estimated_witness,0.5,0.25,1.0,0.2182589953576256
4,estimated_witness,0.5,1.0,1.0,0.2186271857403358
4,estimated_witness,2.0,0.5,0.1,0.2188214680484434
4,estimated_witness,4.0,0.5,1.0,0.21907280595952636
4,estimated_witness,1.0,0.25,1.0,0.21928135300979926
4,estimated_witness,4.0,1.0,0.1,0.21928614263299093
4,estimated_witness,0.25,1.0,0.1,0.21967153015301152
4,estimated_witness,2.0,1.0,1.0,0.22003882152464363
4,estimated_witness,0.25,1.0,0.03,0.22004735933918784
4,estimated_witness,4.0,0.5,0.3,0.22030922522620547
4,estimated_witness,0.25,0.25,1.0,0.22044642287404628
4,estimated_witness,4.0,0.9,1.0,0.22170611572373145
4,estimated_witness,4.0,0.75,0.03,0.22192244332661917
4,estimated_witness,2.0,0.25,1.0,0.22335019191316538
4,estimated_witness,0.25,1.0,0.3,0.2238443623877623
4,estimated_witness,0.25,0.9,1.0,0.22613744464840427
4,estimated_witness,0.5,0.25,0.3,0.2264180664919501
4,estimated_witness,4.0,0.25,1.0,0.2276208736620283
4,estimated_witness,1.0,0.25,0.3,0.22904795805733738
4,estimated_witness,0.25,0.25,0.3,0.22922650164210112
4,estimated_witness,0.5,0.1,1.0,0.22951228205906907
4,estimated_witness,1.0,0.1,1.0,0.2302943570189481
4,estimated_witness,0.25,0.1,1.0,0.2303211145917988
4,estimated_witness,0.5,0.25,3.0,0.2303674026084228
4,estimated_witness,1.0,0.5,3.0,0.23043103450713417
4,estimated_witness,0.5,0.5,3.0,0.23045603560993633
4,estimated_witness,1.0,0.25,3.0,0.23089731902674768
4,estimated_witness,4.0,1.0,1.0,0.23128445622794527
4,estimated_witness,0.25,0.25,3.0,0.23168468544464058
4,estimated_witness,0.5,0.1,3.0,0.23226769320785115
4,estimated_witness,2.0,0.1,1.0,0.2325448661951656
4,estimated_witness,1.0,0.1,3.0,0.23264991625119466
4,estimated_witness,0.25,0.1,3.0,0.2327329764125108
4,estimated_witness,2.0,0.25,3.0,0.23297557036639358
4,estimated_witness,1.0,0.75,3.0,0.23357910735962717
4,estimated_witness,2.0,0.1,3.0,0.2336181739871961
4,estimated_witness,4.0,0.5,0.1,0.23362160761684983
4,estimated_witness,2.0,0.5,3.0,0.2338430096646995
4,estimated_witness,0.25,0.5,3.0,0.2339154181225829
4,estimated_witness,2.0,0.5,0.03,0.2341018183583837
4,estimated_witness,4.0,0.1,3.0,0.23427370078089915
4,estimated_witness,0.25,0.0,3.0,0.23457518682337966
4,estimated_witness,4.0,0.1,1.0,0.2346872890213625
4,estimated_witness,4.0,0.25,3.0,0.2348077645646285
4,estimated_witness,0.5,0.75,3.0,0.23490584238634035
4,estimated_witness,2.0,0.25,0.3,0.23732805124352666
4,estimated_witness,4.0,0.5,3.0,0.23762828438307582
4,estimated_witness,0.25,1.0,1.0,0.23779659048891313
4,estimated_witness,1.0,0.9,3.0,0.23780635616620185
4,estimated_witness,2.0,0.75,3.0,0.23816121396871168
4,estimated_witness,0.5,0.25,0.1,0.23872590263041205
4,estimated_witness,2.0,1.0,0.03,0.23894355914544915
4,estimated_witness,0.25,0.0,1.0,0.23976439067623226
4,estimated_witness,0.5,0.9,3.0,0.240240163467032
4,estimated_witness,0.25,0.25,0.1,0.24127641043080783
4,estimated_witness,0.25,0.75,3.0,0.24169264470511345
4,estimated_witness,1.0,1.0,3.0,0.2419575435394301
4,estimated_witness,2.0,0.9,3.0,0.24325617939811406
4,estimated_witness,1.0,0.25,0.1,0.2438470241380221
4,estimated_witness,4.0,0.75,3.0,0.24431441746887497
4,estimated_witness,0.5,1.0,3.0,0.24525546736337836
4,estimated_witness,4.0,0.25,0.3,0.2478098664657539
4,estimated_witness,2.0,1.0,3.0,0.24819268058578972
4,estimated_witness,0.25,0.9,3.0,0.24987406377970353
4,estimated_witness,0.5,0.25,0.03,0.2500710537596331
4,estimated_witness,0.25,0.25,0.03,0.25134126791985073
4,estimated_witness,4.0,0.9,3.0,0.2514037875742441
4,estimated_witness,4.0,0.5,0.03,0.253280213047203
4,estimated_witness,4.0,1.0,0.03,0.2540751581246472
4,estimated_witness,0.5,0.1,0.3,0.25554740589641906
4,estimated_witness,2.0,0.25,0.1,0.256151838741047
4,estimated_witness,0.25,0.1,0.3,0.25687285457730985
4,estimated_witness,0.25,1.0,3.0,0.25730405958297814
4,estimated_witness,1.0,0.1,0.3,0.25771152502558475
4,estimated_witness,4.0,1.0,3.0,0.25814996150935643
4,estimated_witness,4.0,0.1,10.0,0.2585601582546225
4,estimated_witness,0.25,0.0,10.0,0.25859995620349263
4,estimated_witness,1.0,0.25,0.03,0.25860425295064976
4,estimated_witness,0.5,0.1,10.0,0.2586986886641824
4,estimated_witness,1.0,0.1,10.0,0.25870711949225245
4,estimated_witness,2.0,0.1,10.0,0.2587760695870034
4,estimated_witness,0.25,0.1,10.0,0.2590054521570268
4,estimated_witness,0.5,0.25,10.0,0.25954403793712966
4,estimated_witness,1.0,0.25,10.0,0.25962202337097845
4,estimated_witness,2.0,0.25,10.0,0.2601535228407937
4,estimated_witness,0.25,0.25,10.0,0.2602613965559613
4,estimated_witness,4.0,0.25,10.0,0.2603701293338539
4,estimated_witness,1.0,0.5,10.0,0.26219915250151704
4,estimated_witness,0.5,0.5,10.0,0.26222112086499527
4,estimated_witness,2.0,0.1,0.3,0.2633689344873496
4,estimated_witness,2.0,0.5,10.0,0.2635593264576864
4,estimated_witness,0.25,0.5,10.0,0.2638188407460713
4,estimated_witness,4.0,0.5,10.0,0.26483522180172303
4,estimated_witness,1.0,0.75,10.0,0.2658362945968271
4,estimated_witness,0.5,0.75,10.0,0.2662373476717714
4,estimated_witness,2.0,0.75,10.0,0.26801485098203576
4,estimated_witness,1.0,0.9,10.0,0.26855368122233675
4,estimated_witness,0.25,0.75,10.0,0.2690977918291408
4,estimated_witness,0.5,0.9,10.0,0.2692985813909112
4,estimated_witness,4.0,0.1,0.3,0.2699870770556781
4,estimated_witness,4.0,0.75,10.0,0.2705536471052394
4,estimated_witness,1.0,1.0,10.0,0.27061238613690514
4,estimated_witness,2.0,0.9,10.0,0.27124389094411633
4,estimated_witness,0.5,1.0,10.0,0.27163163421225844
4,estimated_witness,4.0,0.25,0.1,0.2725929987059768
4,estimated_witness,0.25,0.9,10.0,0.27313001904344253
4,estimated_witness,2.0,1.0,10.0,0.27366289693548024
4,estimated_witness,4.0,0.9,10.0,0.27465781964668184
4,estimated_witness,2.0,0.25,0.03,0.2748961514695305
4,estimated_witness,0.25,1.0,10.0,0.2762099467276127
4,estimated_witness,4.0,1.0,10.0,0.27772329684211144
4,estimated_witness,0.5,0.1,0.1,0.28152546693562414
4,estimated_witness,0.25,0.1,0.1,0.2834795026382947
4,estimated_witness,1.0,0.1,0.1,0.2857529335322233
4,estimated_witness,0.25,0.0,0.3,0.28799983402831836
4,estimated_witness,4.0,0.25,0.03,0.29421385528170707
4,estimated_witness,2.0,0.1,0.1,0.29553735517824703
4,estimated_witness,0.5,0.1,0.03,0.29800039728163563
4,estimated_witness,0.25,0.1,0.03,0.3002406421716486
4,estimated_witness,1.0,0.1,0.03,0.3047355915722128
4,estimated_witness,4.0,0.1,0.1,0.3083649965430644
4,estimated_witness,2.0,0.1,0.03,0.31689850730924624
4,estimated_witness,4.0,0.1,0.03,0.3325370173686197
4,estimated_witness,0.25,0.0,0.1,0.34657199436332037
4,estimated_witness,0.25,0.0,0.03,0.3942155108696383
4,geometry_only,0.25,0.0,3.0,0.23457518682337966
4,geometry_only,0.25,0.0,1.0,0.23976439067623226
4,geometry_only,0.25,0.0,10.0,0.25859995620349263
4,geometry_only,0.25,0.0,0.3,0.28799983402831836
4,geometry_only,0.25,0.0,0.1,0.34657199436332037
4,geometry_only,0.25,0.0,0.03,0.3942155108696383
