DataSet,DEG,method,mean_rank_two_metric,mean_rank_cor,mean_rank_mse,rank_position_two_metric
Norman,100,WitnessCell,5.0914179104477615,4.8059701492537314,5.376865671641791,1
Norman,100,linearModel,5.462686567164179,5.2388059701492535,5.686567164179104,2
Norman,100,scouter,5.729477611940299,5.641791044776119,5.817164179104478,3
Norman,100,trainMean,6.561567164179104,6.361940298507463,6.7611940298507465,4
Norman,100,bioLord,6.835820895522388,6.57089552238806,7.100746268656716,5
Norman,100,GEARS,7.610074626865671,8.283582089552239,6.936567164179104,6
Norman,100,AttentionPert,7.619402985074627,7.936567164179104,7.302238805970149,7
Norman,100,baseReg,7.69589552238806,7.048507462686567,8.343283582089553,8
Norman,100,CPA,8.208955223880597,7.932835820895522,8.485074626865671,9
Norman,100,scGPT,8.48320895522388,8.26865671641791,8.697761194029852,10
Norman,100,GeneCompass,8.514925373134329,8.847014925373134,8.182835820895523,11
Norman,100,scELMo,8.522388059701493,8.951492537313433,8.093283582089553,12
Norman,100,GenePert,9.14365671641791,8.447761194029852,9.83955223880597,13
Norman,100,scFoundation,11.23320895522388,11.776119402985074,10.690298507462687,14
Norman,100,baseMLP,13.438432835820896,12.757462686567164,14.119402985074627,15
Norman,100,baseControl,14.873134328358208,15.373134328358208,14.373134328358208,16
Norman,5000,WitnessCell,3.371268656716418,3.4888059701492535,3.253731343283582,1
Norman,5000,linearModel,4.600746268656716,4.522388059701493,4.67910447761194,2
Norman,5000,trainMean,5.266791044776119,5.3283582089552235,5.205223880597015,3
Norman,5000,scouter,6.248134328358209,6.052238805970149,6.4440298507462686,4
Norman,5000,scGPT,6.3861940298507465,6.604477611940299,6.167910447761194,5
Norman,5000,bioLord,6.514925373134329,6.041044776119403,6.9888059701492535,6
Norman,5000,baseReg,6.697761194029851,7.126865671641791,6.268656716417911,7
Norman,5000,CPA,6.994402985074627,7.272388059701493,6.7164179104477615,8
Norman,5000,GenePert,7.606343283582089,8.044776119402986,7.167910447761194,9
Norman,5000,AttentionPert,8.882462686567164,8.526119402985074,9.238805970149254,10
Norman,5000,GeneCompass,9.371268656716419,9.548507462686567,9.194029850746269,11
Norman,5000,GEARS,9.449626865671641,8.802238805970148,10.097014925373134,12
Norman,5000,scELMo,9.746268656716419,9.611940298507463,9.880597014925373,13
Norman,5000,baseControl,13.315298507462687,15.421641791044776,11.208955223880597,14
Norman,5000,scFoundation,14.100746268656716,13.078358208955224,15.123134328358208,15
Norman,5000,baseMLP,14.53544776119403,13.914179104477611,15.156716417910447,16
Replogle_exp6,100,WitnessCell,4.191964285714286,4.205357142857143,4.178571428571429,1
Replogle_exp6,100,linearModel,4.3125,4.151785714285714,4.473214285714286,2
Replogle_exp6,100,baseReg,4.879464285714286,5.455357142857143,4.303571428571429,3
Replogle_exp6,100,trainMean,5.299107142857143,5.258928571428571,5.339285714285714,4
Replogle_exp6,100,scouter,6.044642857142857,5.982142857142857,6.107142857142857,5
Replogle_exp6,100,GenePert,6.223214285714286,6.375,6.071428571428571,6
Replogle_exp6,100,scGPT,7.316964285714286,7.866071428571429,6.767857142857143,7
Replogle_exp6,100,bioLord,8.334821428571429,6.919642857142857,9.75,8
Replogle_exp6,100,scELMo,8.473214285714286,8.5,8.446428571428571,9
Replogle_exp6,100,GEARS,9.098214285714286,9.544642857142858,8.651785714285714,10
Replogle_exp6,100,AttentionPert,9.34375,8.883928571428571,9.803571428571429,11
Replogle_exp6,100,GeneCompass,10.459821428571429,11.223214285714286,9.696428571428571,12
Replogle_exp6,100,scFoundation,11.089285714285714,10.089285714285714,12.089285714285714,13
Replogle_exp6,100,baseControl,12.486607142857142,13.955357142857142,11.017857142857142,14
Replogle_exp6,100,baseMLP,12.660714285714286,11.633928571428571,13.6875,15
Replogle_exp6,100,CPA,14.410714285714286,13.821428571428571,15.0,16
Replogle_exp6,5000,WitnessCell,2.4598214285714284,2.357142857142857,2.5625,1
Replogle_exp6,5000,linearModel,4.102678571428571,3.544642857142857,4.660714285714286,2
Replogle_exp6,5000,GenePert,4.513392857142857,5.875,3.1517857142857144,3
Replogle_exp6,5000,baseReg,4.535714285714286,5.1875,3.8839285714285716,4
Replogle_exp6,5000,trainMean,4.928571428571429,4.723214285714286,5.133928571428571,5
Replogle_exp6,5000,scouter,5.995535714285714,5.785714285714286,6.205357142857143,6
Replogle_exp6,5000,bioLord,7.571428571428571,5.5,9.642857142857142,7
Replogle_exp6,5000,scGPT,8.325892857142858,10.080357142857142,6.571428571428571,8
Replogle_exp6,5000,GEARS,9.053571428571429,9.357142857142858,8.75,9
Replogle_exp6,5000,scELMo,9.34375,8.401785714285714,10.285714285714286,10
Replogle_exp6,5000,baseControl,10.370535714285714,14.830357142857142,5.910714285714286,11
Replogle_exp6,5000,AttentionPert,10.477678571428571,9.303571428571429,11.651785714285714,12
Replogle_exp6,5000,GeneCompass,10.674107142857142,11.642857142857142,9.705357142857142,13
Replogle_exp6,5000,scFoundation,12.683035714285714,11.116071428571429,14.25,14
Replogle_exp6,5000,baseMLP,14.129464285714286,13.169642857142858,15.089285714285714,15
Replogle_exp6,5000,CPA,14.580357142857142,14.410714285714286,14.75,16
Schmidt,100,scGPT,3.5517241379310347,4.080459770114943,3.0229885057471266,1
Schmidt,100,scouter,3.9195402298850577,3.425287356321839,4.413793103448276,2
Schmidt,100,linearModel,5.890804597701149,5.2988505747126435,6.482758620689655,3
Schmidt,100,CPA,6.103448275862069,6.425287356321839,5.781609195402299,4
Schmidt,100,WitnessCell,6.724137931034483,7.827586206896552,5.620689655172414,5
Schmidt,100,baseReg,8.011494252873563,7.64367816091954,8.379310344827585,6
Schmidt,100,GEARS,8.35632183908046,8.10344827586207,8.60919540229885,7
Schmidt,100,bioLord,8.413793103448276,7.7011494252873565,9.126436781609195,8
Schmidt,100,GenePert,8.419540229885058,8.206896551724139,8.632183908045977,9
Schmidt,100,trainMean,8.442528735632184,7.977011494252873,8.908045977011493,10
Schmidt,100,GeneCompass,8.75287356321839,8.183908045977011,9.32183908045977,11
Schmidt,100,AttentionPert,8.82183908045977,7.885057471264368,9.758620689655173,12
Schmidt,100,scELMo,8.85632183908046,8.35632183908046,9.35632183908046,13
Schmidt,100,baseMLP,10.988505747126437,10.126436781609195,11.850574712643677,14
Schmidt,100,baseControl,11.10919540229885,11.114942528735632,11.10344827586207,15
Schmidt,100,scFoundation,13.505747126436782,11.781609195402298,15.229885057471265,16
Schmidt,5000,scGPT,2.545977011494253,2.7586206896551726,2.3333333333333335,1
Schmidt,5000,WitnessCell,3.1379310344827585,3.7241379310344827,2.5517241379310347,2
Schmidt,5000,scouter,4.028735632183908,3.7011494252873565,4.35632183908046,3
Schmidt,5000,CPA,4.275862068965517,4.287356321839081,4.264367816091954,4
Schmidt,5000,linearModel,6.097701149425287,5.977011494252873,6.218390804597701,5
Schmidt,5000,trainMean,6.890804597701149,7.091954022988506,6.689655172413793,6
Schmidt,5000,baseReg,8.097701149425287,8.96551724137931,7.2298850574712645,7
Schmidt,5000,GenePert,8.195402298850574,9.551724137931034,6.839080459770115,8
Schmidt,5000,bioLord,9.586206896551724,8.942528735632184,10.229885057471265,9
Schmidt,5000,scELMo,9.758620689655173,9.241379310344827,10.275862068965518,10
Schmidt,5000,GeneCompass,10.166666666666666,9.689655172413794,10.64367816091954,11
Schmidt,5000,GEARS,10.39655172413793,9.873563218390805,10.919540229885058,12
Schmidt,5000,AttentionPert,11.229885057471265,9.586206896551724,12.873563218390805,13
Schmidt,5000,baseControl,11.436781609195402,14.25287356321839,8.620689655172415,14
Schmidt,5000,scFoundation,13.666666666666666,11.908045977011493,15.425287356321839,15
Schmidt,5000,baseMLP,14.281609195402298,13.218390804597702,15.344827586206897,16
Wessels,100,WitnessCell,3.3850267379679146,3.374331550802139,3.3957219251336896,1
Wessels,100,scouter,3.3957219251336896,3.160427807486631,3.6310160427807485,2
Wessels,100,baseReg,5.278074866310161,5.331550802139038,5.224598930481283,3
Wessels,100,linearModel,6.422459893048129,6.390374331550802,6.454545454545454,4
Wessels,100,trainMean,6.5588235294117645,6.572192513368984,6.545454545454546,5
Wessels,100,GEARS,7.342245989304812,7.342245989304812,7.342245989304812,6
Wessels,100,scELMo,7.44385026737968,7.491978609625669,7.39572192513369,7
Wessels,100,AttentionPert,7.68716577540107,7.732620320855615,7.641711229946524,8
Wessels,100,GeneCompass,7.89572192513369,7.989304812834225,7.802139037433155,9
Wessels,100,GenePert,7.89572192513369,7.7272727272727275,8.064171122994653,10
Wessels,100,scGPT,8.668449197860962,8.545454545454545,8.79144385026738,11
Wessels,100,scFoundation,10.56951871657754,10.572192513368984,10.566844919786096,12
Wessels,100,baseMLP,12.179144385026738,11.802139037433156,12.556149732620321,13
Wessels,100,CPA,12.3475935828877,12.315508021390375,12.379679144385026,14
Wessels,100,bioLord,13.713903743315509,13.16042780748663,14.267379679144385,15
Wessels,100,baseControl,14.671122994652407,15.529411764705882,13.81283422459893,16
Wessels,5000,scouter,2.227272727272727,2.320855614973262,2.1336898395721926,1
Wessels,5000,WitnessCell,2.355614973262032,2.2566844919786098,2.4545454545454546,2
Wessels,5000,baseReg,4.355614973262032,4.502673796791444,4.208556149732621,3
Wessels,5000,GenePert,6.088235294117647,6.721925133689839,5.454545454545454,4
Wessels,5000,scGPT,6.5828877005347595,7.101604278074866,6.064171122994653,5
Wessels,5000,linearModel,7.4144385026737964,6.251336898395722,8.577540106951872,6
Wessels,5000,scELMo,7.46524064171123,8.133689839572192,6.7967914438502675,7
Wessels,5000,trainMean,7.553475935828877,6.401069518716578,8.705882352941176,8
Wessels,5000,GeneCompass,7.767379679144385,8.481283422459892,7.053475935828877,9
Wessels,5000,GEARS,8.128342245989305,8.358288770053475,7.898395721925134,10
Wessels,5000,AttentionPert,9.497326203208557,9.117647058823529,9.877005347593583,11
Wessels,5000,CPA,11.16042780748663,11.080213903743315,11.240641711229946,12
Wessels,5000,baseControl,13.256684491978609,15.72192513368984,10.79144385026738,13
Wessels,5000,baseMLP,13.259358288770054,12.871657754010695,13.647058823529411,14
Wessels,5000,scFoundation,13.783422459893048,12.780748663101605,14.786096256684491,15
Wessels,5000,bioLord,13.828877005347593,13.165775401069519,14.491978609625669,16
