dataset,seed,condition,control,nir
Replogle_exp6,1,AHCYL1+FDPS,mean_negative,0.4634146341463415
Replogle_exp6,1,ATM+FDPS,mean_negative,0.21951219512195122
Replogle_exp6,1,ATR+FDPS,mean_negative,0.4146341463414634
Replogle_exp6,1,ETAA1+FDPS,mean_negative,0.5853658536585366
Replogle_exp6,1,ETAA1+TOPBP1,mean_negative,0.6097560975609756
Replogle_exp6,1,FDPS+IDI1,mean_negative,0.4878048780487805
Replogle_exp6,1,FDPS+LIG4,mean_negative,0.34146341463414637
Replogle_exp6,1,FDPS+MVD,mean_negative,0.0975609756097561
Replogle_exp6,1,FDPS+NHEJ1,mean_negative,0.3902439024390244
Replogle_exp6,1,FDPS+PMVK,mean_negative,0.6341463414634146
Replogle_exp6,1,FDPS+PRKDC,mean_negative,0.2682926829268293
Replogle_exp6,1,FDPS+RAD1,mean_negative,0.5365853658536586
Replogle_exp6,1,FDPS+RAD9A,mean_negative,0.43902439024390244
Replogle_exp6,1,FDPS+RAD17,mean_negative,0.6829268292682927
Replogle_exp6,1,FDPS+RRM1,mean_negative,0.7073170731707317
Replogle_exp6,1,FDPS+RRM2B,mean_negative,0.3170731707317073
Replogle_exp6,1,FDPS+SQLE,mean_negative,0.17073170731707318
Replogle_exp6,1,FDPS+SREBF1,mean_negative,0.5609756097560976
Replogle_exp6,1,FDPS+SREBF2,mean_negative,0.7804878048780488
Replogle_exp6,1,FDPS+XRCC5,mean_negative,0.07317073170731707
Replogle_exp6,1,FDPS+XRCC6,mean_negative,0.04878048780487805
Replogle_exp6,1,HMGCR+SREBF1,mean_negative,0.36585365853658536
Replogle_exp6,1,HMGCR+SREBF2,mean_negative,0.8536585365853658
Replogle_exp6,1,HUS1+IDI1,mean_negative,0.6585365853658537
Replogle_exp6,1,HUS1+MVD,mean_negative,0.14634146341463414
Replogle_exp6,1,HUS1+PMVK,mean_negative,0.926829268292683
Replogle_exp6,1,HUS1+RRM1,mean_negative,0.7560975609756098
Replogle_exp6,1,HUS1+SQLE,mean_negative,0.1951219512195122
Replogle_exp6,1,HUS1+SREBF1,mean_negative,0.24390243902439024
Replogle_exp6,1,HUS1+SREBF2,mean_negative,0.9024390243902439
Replogle_exp6,1,CHEK1,mean_negative,0.2926829268292683
Replogle_exp6,1,FDPS,mean_negative,0.8048780487804879
Replogle_exp6,1,HMGCR,mean_negative,0.8780487804878049
Replogle_exp6,1,HSPE1,mean_negative,0.0
Replogle_exp6,1,HUS1,mean_negative,1.0
Replogle_exp6,1,MTOR,mean_negative,0.024390243902439025
Replogle_exp6,1,TOPBP1,mean_negative,0.975609756097561
Replogle_exp6,1,CHEK1+FDPS,mean_negative,0.12195121951219512
Replogle_exp6,1,FDPS+HMGCR,mean_negative,0.8292682926829268
Replogle_exp6,1,FDPS+HUS1,mean_negative,0.7317073170731707
Replogle_exp6,1,FDPS+TOPBP1,mean_negative,0.5121951219512195
Replogle_exp6,1,HMGCR+HUS1,mean_negative,0.9512195121951219
Replogle_exp6,1,AHCYL1+FDPS,control_negative,0.6341463414634146
Replogle_exp6,1,ATM+FDPS,control_negative,0.24390243902439024
Replogle_exp6,1,ATR+FDPS,control_negative,0.4634146341463415
Replogle_exp6,1,ETAA1+FDPS,control_negative,0.5365853658536586
Replogle_exp6,1,ETAA1+TOPBP1,control_negative,0.7560975609756098
Replogle_exp6,1,FDPS+IDI1,control_negative,0.34146341463414637
Replogle_exp6,1,FDPS+LIG4,control_negative,0.36585365853658536
Replogle_exp6,1,FDPS+MVD,control_negative,0.0975609756097561
Replogle_exp6,1,FDPS+NHEJ1,control_negative,0.43902439024390244
Replogle_exp6,1,FDPS+PMVK,control_negative,0.8048780487804879
Replogle_exp6,1,FDPS+PRKDC,control_negative,0.3902439024390244
Replogle_exp6,1,FDPS+RAD1,control_negative,0.5121951219512195
Replogle_exp6,1,FDPS+RAD9A,control_negative,0.3170731707317073
Replogle_exp6,1,FDPS+RAD17,control_negative,0.7073170731707317
Replogle_exp6,1,FDPS+RRM1,control_negative,0.6585365853658537
Replogle_exp6,1,FDPS+RRM2B,control_negative,0.2682926829268293
Replogle_exp6,1,FDPS+SQLE,control_negative,0.14634146341463414
Replogle_exp6,1,FDPS+SREBF1,control_negative,0.4146341463414634
Replogle_exp6,1,FDPS+SREBF2,control_negative,0.7804878048780488
Replogle_exp6,1,FDPS+XRCC5,control_negative,0.07317073170731707
Replogle_exp6,1,FDPS+XRCC6,control_negative,0.024390243902439025
Replogle_exp6,1,HMGCR+SREBF1,control_negative,0.2926829268292683
Replogle_exp6,1,HMGCR+SREBF2,control_negative,0.8292682926829268
Replogle_exp6,1,HUS1+IDI1,control_negative,0.6829268292682927
Replogle_exp6,1,HUS1+MVD,control_negative,0.12195121951219512
Replogle_exp6,1,HUS1+PMVK,control_negative,0.926829268292683
Replogle_exp6,1,HUS1+RRM1,control_negative,0.7317073170731707
Replogle_exp6,1,HUS1+SQLE,control_negative,0.17073170731707318
Replogle_exp6,1,HUS1+SREBF1,control_negative,0.21951219512195122
Replogle_exp6,1,HUS1+SREBF2,control_negative,0.9024390243902439
Replogle_exp6,1,CHEK1,control_negative,0.6097560975609756
Replogle_exp6,1,FDPS,control_negative,0.5609756097560976
Replogle_exp6,1,HMGCR,control_negative,0.8780487804878049
Replogle_exp6,1,HSPE1,control_negative,0.0
Replogle_exp6,1,HUS1,control_negative,1.0
Replogle_exp6,1,MTOR,control_negative,0.04878048780487805
Replogle_exp6,1,TOPBP1,control_negative,0.975609756097561
Replogle_exp6,1,CHEK1+FDPS,control_negative,0.1951219512195122
Replogle_exp6,1,FDPS+HMGCR,control_negative,0.8536585365853658
Replogle_exp6,1,FDPS+HUS1,control_negative,0.4878048780487805
Replogle_exp6,1,FDPS+TOPBP1,control_negative,0.5853658536585366
Replogle_exp6,1,HMGCR+HUS1,control_negative,0.9512195121951219
Replogle_exp6,1,AHCYL1+FDPS,technical_duplicate,0.7560975609756098
Replogle_exp6,1,ATM+FDPS,technical_duplicate,0.24390243902439024
Replogle_exp6,1,ATR+FDPS,technical_duplicate,1.0
Replogle_exp6,1,ETAA1+FDPS,technical_duplicate,0.9024390243902439
Replogle_exp6,1,ETAA1+TOPBP1,technical_duplicate,0.7804878048780488
Replogle_exp6,1,FDPS+IDI1,technical_duplicate,0.975609756097561
Replogle_exp6,1,FDPS+LIG4,technical_duplicate,0.6341463414634146
Replogle_exp6,1,FDPS+MVD,technical_duplicate,1.0
Replogle_exp6,1,FDPS+NHEJ1,technical_duplicate,0.4634146341463415
Replogle_exp6,1,FDPS+PMVK,technical_duplicate,1.0
Replogle_exp6,1,FDPS+PRKDC,technical_duplicate,0.9512195121951219
Replogle_exp6,1,FDPS+RAD1,technical_duplicate,0.6097560975609756
Replogle_exp6,1,FDPS+RAD9A,technical_duplicate,0.975609756097561
Replogle_exp6,1,FDPS+RAD17,technical_duplicate,0.926829268292683
Replogle_exp6,1,FDPS+RRM1,technical_duplicate,1.0
Replogle_exp6,1,FDPS+RRM2B,technical_duplicate,0.8292682926829268
Replogle_exp6,1,FDPS+SQLE,technical_duplicate,1.0
Replogle_exp6,1,FDPS+SREBF1,technical_duplicate,1.0
Replogle_exp6,1,FDPS+SREBF2,technical_duplicate,1.0
Replogle_exp6,1,FDPS+XRCC5,technical_duplicate,1.0
Replogle_exp6,1,FDPS+XRCC6,technical_duplicate,1.0
Replogle_exp6,1,HMGCR+SREBF1,technical_duplicate,1.0
Replogle_exp6,1,HMGCR+SREBF2,technical_duplicate,1.0
Replogle_exp6,1,HUS1+IDI1,technical_duplicate,0.926829268292683
Replogle_exp6,1,HUS1+MVD,technical_duplicate,1.0
Replogle_exp6,1,HUS1+PMVK,technical_duplicate,1.0
Replogle_exp6,1,HUS1+RRM1,technical_duplicate,1.0
Replogle_exp6,1,HUS1+SQLE,technical_duplicate,0.975609756097561
Replogle_exp6,1,HUS1+SREBF1,technical_duplicate,0.8048780487804879
Replogle_exp6,1,HUS1+SREBF2,technical_duplicate,1.0
Replogle_exp6,1,CHEK1,technical_duplicate,0.7804878048780488
Replogle_exp6,1,FDPS,technical_duplicate,1.0
Replogle_exp6,1,HMGCR,technical_duplicate,0.975609756097561
Replogle_exp6,1,HSPE1,technical_duplicate,1.0
Replogle_exp6,1,HUS1,technical_duplicate,1.0
Replogle_exp6,1,MTOR,technical_duplicate,1.0
Replogle_exp6,1,TOPBP1,technical_duplicate,0.975609756097561
Replogle_exp6,1,CHEK1+FDPS,technical_duplicate,0.36585365853658536
Replogle_exp6,1,FDPS+HMGCR,technical_duplicate,1.0
Replogle_exp6,1,FDPS+HUS1,technical_duplicate,1.0
Replogle_exp6,1,FDPS+TOPBP1,technical_duplicate,0.5853658536585366
Replogle_exp6,1,HMGCR+HUS1,technical_duplicate,1.0
Replogle_exp6,1,AHCYL1+FDPS,interpolated_duplicate,0.5121951219512195
Replogle_exp6,1,ATM+FDPS,interpolated_duplicate,0.24390243902439024
Replogle_exp6,1,ATR+FDPS,interpolated_duplicate,1.0
Replogle_exp6,1,ETAA1+FDPS,interpolated_duplicate,0.6829268292682927
Replogle_exp6,1,ETAA1+TOPBP1,interpolated_duplicate,0.6585365853658537
Replogle_exp6,1,FDPS+IDI1,interpolated_duplicate,0.7804878048780488
Replogle_exp6,1,FDPS+LIG4,interpolated_duplicate,0.36585365853658536
Replogle_exp6,1,FDPS+MVD,interpolated_duplicate,0.34146341463414637
Replogle_exp6,1,FDPS+NHEJ1,interpolated_duplicate,0.3902439024390244
Replogle_exp6,1,FDPS+PMVK,interpolated_duplicate,0.926829268292683
Replogle_exp6,1,FDPS+PRKDC,interpolated_duplicate,0.6829268292682927
Replogle_exp6,1,FDPS+RAD1,interpolated_duplicate,0.6097560975609756
Replogle_exp6,1,FDPS+RAD9A,interpolated_duplicate,0.43902439024390244
Replogle_exp6,1,FDPS+RAD17,interpolated_duplicate,0.7073170731707317
Replogle_exp6,1,FDPS+RRM1,interpolated_duplicate,1.0
Replogle_exp6,1,FDPS+RRM2B,interpolated_duplicate,0.34146341463414637
Replogle_exp6,1,FDPS+SQLE,interpolated_duplicate,1.0
Replogle_exp6,1,FDPS+SREBF1,interpolated_duplicate,0.6097560975609756
Replogle_exp6,1,FDPS+SREBF2,interpolated_duplicate,1.0
Replogle_exp6,1,FDPS+XRCC5,interpolated_duplicate,0.21951219512195122
Replogle_exp6,1,FDPS+XRCC6,interpolated_duplicate,1.0
Replogle_exp6,1,HMGCR+SREBF1,interpolated_duplicate,0.8292682926829268
Replogle_exp6,1,HMGCR+SREBF2,interpolated_duplicate,0.9512195121951219
Replogle_exp6,1,HUS1+IDI1,interpolated_duplicate,0.7317073170731707
Replogle_exp6,1,HUS1+MVD,interpolated_duplicate,1.0
Replogle_exp6,1,HUS1+PMVK,interpolated_duplicate,0.975609756097561
Replogle_exp6,1,HUS1+RRM1,interpolated_duplicate,0.9024390243902439
Replogle_exp6,1,HUS1+SQLE,interpolated_duplicate,0.975609756097561
Replogle_exp6,1,HUS1+SREBF1,interpolated_duplicate,0.24390243902439024
Replogle_exp6,1,HUS1+SREBF2,interpolated_duplicate,1.0
Replogle_exp6,1,CHEK1,interpolated_duplicate,0.2926829268292683
Replogle_exp6,1,FDPS,interpolated_duplicate,1.0
Replogle_exp6,1,HMGCR,interpolated_duplicate,0.926829268292683
Replogle_exp6,1,HSPE1,interpolated_duplicate,1.0
Replogle_exp6,1,HUS1,interpolated_duplicate,1.0
Replogle_exp6,1,MTOR,interpolated_duplicate,0.975609756097561
Replogle_exp6,1,TOPBP1,interpolated_duplicate,0.975609756097561
Replogle_exp6,1,CHEK1+FDPS,interpolated_duplicate,0.17073170731707318
Replogle_exp6,1,FDPS+HMGCR,interpolated_duplicate,1.0
Replogle_exp6,1,FDPS+HUS1,interpolated_duplicate,1.0
Replogle_exp6,1,FDPS+TOPBP1,interpolated_duplicate,0.5121951219512195
Replogle_exp6,1,HMGCR+HUS1,interpolated_duplicate,1.0
Replogle_exp6,2,AHCYL1+FDPS,mean_negative,0.4
Replogle_exp6,2,ATM+FDPS,mean_negative,0.22857142857142856
Replogle_exp6,2,ATR+FDPS,mean_negative,0.42857142857142855
Replogle_exp6,2,CHEK1+FDPS,mean_negative,0.17142857142857143
Replogle_exp6,2,ETAA1+FDPS,mean_negative,0.5714285714285714
Replogle_exp6,2,FDPS+HMGCR,mean_negative,0.9142857142857143
Replogle_exp6,2,FDPS+HUS1,mean_negative,0.6857142857142857
Replogle_exp6,2,FDPS+IDI1,mean_negative,0.37142857142857144
Replogle_exp6,2,FDPS+LIG4,mean_negative,0.3142857142857143
Replogle_exp6,2,FDPS+MVD,mean_negative,0.14285714285714285
Replogle_exp6,2,FDPS+NHEJ1,mean_negative,0.34285714285714286
Replogle_exp6,2,FDPS+PRKDC,mean_negative,0.2571428571428571
Replogle_exp6,2,FDPS+RAD1,mean_negative,0.5142857142857142
Replogle_exp6,2,FDPS+RAD9A,mean_negative,0.45714285714285713
Replogle_exp6,2,FDPS+RRM1,mean_negative,0.7142857142857143
Replogle_exp6,2,FDPS+RRM2B,mean_negative,0.2857142857142857
Replogle_exp6,2,FDPS+SQLE,mean_negative,0.2
Replogle_exp6,2,FDPS+SREBF1,mean_negative,0.5428571428571428
Replogle_exp6,2,FDPS+TOPBP1,mean_negative,0.4857142857142857
Replogle_exp6,2,FDPS+XRCC6,mean_negative,0.02857142857142857
Replogle_exp6,2,HMGCR+SREBF2,mean_negative,0.8857142857142857
Replogle_exp6,2,HUS1+PMVK,mean_negative,1.0
Replogle_exp6,2,HUS1+SREBF2,mean_negative,0.9714285714285714
Replogle_exp6,2,ETAA1+TOPBP1,mean_negative,0.6
Replogle_exp6,2,HUS1+RRM1,mean_negative,0.8285714285714286
Replogle_exp6,2,FDPS,mean_negative,0.7714285714285715
Replogle_exp6,2,HSPE1,mean_negative,0.0
Replogle_exp6,2,MTOR,mean_negative,0.05714285714285714
Replogle_exp6,2,PMVK,mean_negative,0.8571428571428571
Replogle_exp6,2,RAD17,mean_negative,0.8
Replogle_exp6,2,SREBF2,mean_negative,0.9428571428571428
Replogle_exp6,2,XRCC5,mean_negative,0.08571428571428572
Replogle_exp6,2,FDPS+PMVK,mean_negative,0.6571428571428571
Replogle_exp6,2,FDPS+RAD17,mean_negative,0.6285714285714286
Replogle_exp6,2,FDPS+SREBF2,mean_negative,0.7428571428571429
Replogle_exp6,2,FDPS+XRCC5,mean_negative,0.11428571428571428
Replogle_exp6,2,AHCYL1+FDPS,control_negative,0.6285714285714286
Replogle_exp6,2,ATM+FDPS,control_negative,0.22857142857142856
Replogle_exp6,2,ATR+FDPS,control_negative,0.45714285714285713
Replogle_exp6,2,CHEK1+FDPS,control_negative,0.2
Replogle_exp6,2,ETAA1+FDPS,control_negative,0.5428571428571428
Replogle_exp6,2,FDPS+HMGCR,control_negative,0.8857142857142857
Replogle_exp6,2,FDPS+HUS1,control_negative,0.4857142857142857
Replogle_exp6,2,FDPS+IDI1,control_negative,0.3142857142857143
Replogle_exp6,2,FDPS+LIG4,control_negative,0.34285714285714286
Replogle_exp6,2,FDPS+MVD,control_negative,0.14285714285714285
Replogle_exp6,2,FDPS+NHEJ1,control_negative,0.42857142857142855
Replogle_exp6,2,FDPS+PRKDC,control_negative,0.37142857142857144
Replogle_exp6,2,FDPS+RAD1,control_negative,0.5142857142857142
Replogle_exp6,2,FDPS+RAD9A,control_negative,0.2857142857142857
Replogle_exp6,2,FDPS+RRM1,control_negative,0.6571428571428571
Replogle_exp6,2,FDPS+RRM2B,control_negative,0.2571428571428571
Replogle_exp6,2,FDPS+SQLE,control_negative,0.17142857142857143
Replogle_exp6,2,FDPS+SREBF1,control_negative,0.4
Replogle_exp6,2,FDPS+TOPBP1,control_negative,0.6
Replogle_exp6,2,FDPS+XRCC6,control_negative,0.02857142857142857
Replogle_exp6,2,HMGCR+SREBF2,control_negative,0.8285714285714286
Replogle_exp6,2,HUS1+PMVK,control_negative,1.0
Replogle_exp6,2,HUS1+SREBF2,control_negative,0.9714285714285714
Replogle_exp6,2,ETAA1+TOPBP1,control_negative,0.7428571428571429
Replogle_exp6,2,HUS1+RRM1,control_negative,0.7142857142857143
Replogle_exp6,2,FDPS,control_negative,0.5714285714285714
Replogle_exp6,2,HSPE1,control_negative,0.0
Replogle_exp6,2,MTOR,control_negative,0.05714285714285714
Replogle_exp6,2,PMVK,control_negative,0.8571428571428571
Replogle_exp6,2,RAD17,control_negative,0.9142857142857143
Replogle_exp6,2,SREBF2,control_negative,0.9428571428571428
Replogle_exp6,2,XRCC5,control_negative,0.08571428571428572
Replogle_exp6,2,FDPS+PMVK,control_negative,0.8
Replogle_exp6,2,FDPS+RAD17,control_negative,0.6857142857142857
Replogle_exp6,2,FDPS+SREBF2,control_negative,0.7714285714285715
Replogle_exp6,2,FDPS+XRCC5,control_negative,0.11428571428571428
Replogle_exp6,2,AHCYL1+FDPS,technical_duplicate,0.8
Replogle_exp6,2,ATM+FDPS,technical_duplicate,0.22857142857142856
Replogle_exp6,2,ATR+FDPS,technical_duplicate,1.0
Replogle_exp6,2,CHEK1+FDPS,technical_duplicate,0.3142857142857143
Replogle_exp6,2,ETAA1+FDPS,technical_duplicate,0.8857142857142857
Replogle_exp6,2,FDPS+HMGCR,technical_duplicate,1.0
Replogle_exp6,2,FDPS+HUS1,technical_duplicate,1.0
Replogle_exp6,2,FDPS+IDI1,technical_duplicate,0.9714285714285714
Replogle_exp6,2,FDPS+LIG4,technical_duplicate,0.6571428571428571
Replogle_exp6,2,FDPS+MVD,technical_duplicate,1.0
Replogle_exp6,2,FDPS+NHEJ1,technical_duplicate,0.42857142857142855
Replogle_exp6,2,FDPS+PRKDC,technical_duplicate,0.9428571428571428
Replogle_exp6,2,FDPS+RAD1,technical_duplicate,0.6
Replogle_exp6,2,FDPS+RAD9A,technical_duplicate,0.9714285714285714
Replogle_exp6,2,FDPS+RRM1,technical_duplicate,1.0
Replogle_exp6,2,FDPS+RRM2B,technical_duplicate,0.8
Replogle_exp6,2,FDPS+SQLE,technical_duplicate,1.0
Replogle_exp6,2,FDPS+SREBF1,technical_duplicate,1.0
Replogle_exp6,2,FDPS+TOPBP1,technical_duplicate,0.6
Replogle_exp6,2,FDPS+XRCC6,technical_duplicate,1.0
Replogle_exp6,2,HMGCR+SREBF2,technical_duplicate,1.0
Replogle_exp6,2,HUS1+PMVK,technical_duplicate,1.0
Replogle_exp6,2,HUS1+SREBF2,technical_duplicate,1.0
Replogle_exp6,2,ETAA1+TOPBP1,technical_duplicate,0.7714285714285715
Replogle_exp6,2,HUS1+RRM1,technical_duplicate,1.0
Replogle_exp6,2,FDPS,technical_duplicate,1.0
Replogle_exp6,2,HSPE1,technical_duplicate,1.0
Replogle_exp6,2,MTOR,technical_duplicate,1.0
Replogle_exp6,2,PMVK,technical_duplicate,0.9714285714285714
Replogle_exp6,2,RAD17,technical_duplicate,0.9428571428571428
Replogle_exp6,2,SREBF2,technical_duplicate,1.0
Replogle_exp6,2,XRCC5,technical_duplicate,0.9714285714285714
Replogle_exp6,2,FDPS+PMVK,technical_duplicate,1.0
Replogle_exp6,2,FDPS+RAD17,technical_duplicate,0.9142857142857143
Replogle_exp6,2,FDPS+SREBF2,technical_duplicate,1.0
Replogle_exp6,2,FDPS+XRCC5,technical_duplicate,1.0
Replogle_exp6,2,AHCYL1+FDPS,interpolated_duplicate,0.4857142857142857
Replogle_exp6,2,ATM+FDPS,interpolated_duplicate,0.22857142857142856
Replogle_exp6,2,ATR+FDPS,interpolated_duplicate,1.0
Replogle_exp6,2,CHEK1+FDPS,interpolated_duplicate,0.17142857142857143
Replogle_exp6,2,ETAA1+FDPS,interpolated_duplicate,0.6857142857142857
Replogle_exp6,2,FDPS+HMGCR,interpolated_duplicate,1.0
Replogle_exp6,2,FDPS+HUS1,interpolated_duplicate,1.0
Replogle_exp6,2,FDPS+IDI1,interpolated_duplicate,0.7142857142857143
Replogle_exp6,2,FDPS+LIG4,interpolated_duplicate,0.3142857142857143
Replogle_exp6,2,FDPS+MVD,interpolated_duplicate,0.2857142857142857
Replogle_exp6,2,FDPS+NHEJ1,interpolated_duplicate,0.34285714285714286
Replogle_exp6,2,FDPS+PRKDC,interpolated_duplicate,0.6857142857142857
Replogle_exp6,2,FDPS+RAD1,interpolated_duplicate,0.6
Replogle_exp6,2,FDPS+RAD9A,interpolated_duplicate,0.45714285714285713
Replogle_exp6,2,FDPS+RRM1,interpolated_duplicate,1.0
Replogle_exp6,2,FDPS+RRM2B,interpolated_duplicate,0.2857142857142857
Replogle_exp6,2,FDPS+SQLE,interpolated_duplicate,1.0
Replogle_exp6,2,FDPS+SREBF1,interpolated_duplicate,0.5714285714285714
Replogle_exp6,2,FDPS+TOPBP1,interpolated_duplicate,0.5142857142857142
Replogle_exp6,2,FDPS+XRCC6,interpolated_duplicate,1.0
Replogle_exp6,2,HMGCR+SREBF2,interpolated_duplicate,0.9428571428571428
Replogle_exp6,2,HUS1+PMVK,interpolated_duplicate,1.0
Replogle_exp6,2,HUS1+SREBF2,interpolated_duplicate,1.0
Replogle_exp6,2,ETAA1+TOPBP1,interpolated_duplicate,0.6
Replogle_exp6,2,HUS1+RRM1,interpolated_duplicate,0.9714285714285714
Replogle_exp6,2,FDPS,interpolated_duplicate,1.0
Replogle_exp6,2,HSPE1,interpolated_duplicate,1.0
Replogle_exp6,2,MTOR,interpolated_duplicate,1.0
Replogle_exp6,2,PMVK,interpolated_duplicate,0.9714285714285714
Replogle_exp6,2,RAD17,interpolated_duplicate,0.8
Replogle_exp6,2,SREBF2,interpolated_duplicate,0.9714285714285714
Replogle_exp6,2,XRCC5,interpolated_duplicate,0.11428571428571428
Replogle_exp6,2,FDPS+PMVK,interpolated_duplicate,0.9714285714285714
Replogle_exp6,2,FDPS+RAD17,interpolated_duplicate,0.7142857142857143
Replogle_exp6,2,FDPS+SREBF2,interpolated_duplicate,1.0
Replogle_exp6,2,FDPS+XRCC5,interpolated_duplicate,0.17142857142857143
Replogle_exp6,3,ATM+FDPS,mean_negative,0.30303030303030304
Replogle_exp6,3,CHEK1+FDPS,mean_negative,0.2727272727272727
Replogle_exp6,3,ETAA1+FDPS,mean_negative,0.696969696969697
Replogle_exp6,3,FDPS+HMGCR,mean_negative,1.0
Replogle_exp6,3,FDPS+HUS1,mean_negative,0.8484848484848485
Replogle_exp6,3,FDPS+IDI1,mean_negative,0.6363636363636364
Replogle_exp6,3,FDPS+LIG4,mean_negative,0.3939393939393939
Replogle_exp6,3,FDPS+MVD,mean_negative,0.15151515151515152
Replogle_exp6,3,FDPS+NHEJ1,mean_negative,0.42424242424242425
Replogle_exp6,3,FDPS+PMVK,mean_negative,0.7878787878787878
Replogle_exp6,3,FDPS+PRKDC,mean_negative,0.3333333333333333
Replogle_exp6,3,FDPS+RAD9A,mean_negative,0.5454545454545454
Replogle_exp6,3,FDPS+RAD17,mean_negative,0.8181818181818182
Replogle_exp6,3,FDPS+RRM1,mean_negative,0.8787878787878788
Replogle_exp6,3,FDPS+RRM2B,mean_negative,0.36363636363636365
Replogle_exp6,3,FDPS+SQLE,mean_negative,0.21212121212121213
Replogle_exp6,3,FDPS+SREBF1,mean_negative,0.7272727272727273
Replogle_exp6,3,FDPS+SREBF2,mean_negative,0.7575757575757576
Replogle_exp6,3,FDPS+TOPBP1,mean_negative,0.5757575757575758
Replogle_exp6,3,FDPS+XRCC5,mean_negative,0.09090909090909091
Replogle_exp6,3,HMGCR+SREBF2,mean_negative,0.9090909090909091
Replogle_exp6,3,HUS1+SQLE,mean_negative,0.24242424242424243
Replogle_exp6,3,HUS1+SREBF2,mean_negative,0.9696969696969697
Replogle_exp6,3,AHCYL1,mean_negative,0.6666666666666666
Replogle_exp6,3,ATR,mean_negative,0.12121212121212122
Replogle_exp6,3,FDPS,mean_negative,0.9393939393939394
Replogle_exp6,3,POLR1D,mean_negative,0.0
Replogle_exp6,3,RAD1,mean_negative,0.6060606060606061
Replogle_exp6,3,RPL15,mean_negative,0.18181818181818182
Replogle_exp6,3,XRCC6,mean_negative,0.030303030303030304
Replogle_exp6,3,AHCYL1+FDPS,mean_negative,0.45454545454545453
Replogle_exp6,3,ATR+FDPS,mean_negative,0.48484848484848486
Replogle_exp6,3,FDPS+RAD1,mean_negative,0.5151515151515151
Replogle_exp6,3,FDPS+XRCC6,mean_negative,0.06060606060606061
Replogle_exp6,3,ATM+FDPS,control_negative,0.30303030303030304
Replogle_exp6,3,CHEK1+FDPS,control_negative,0.24242424242424243
Replogle_exp6,3,ETAA1+FDPS,control_negative,0.6363636363636364
Replogle_exp6,3,FDPS+HMGCR,control_negative,0.9696969696969697
Replogle_exp6,3,FDPS+HUS1,control_negative,0.5757575757575758
Replogle_exp6,3,FDPS+IDI1,control_negative,0.3939393939393939
Replogle_exp6,3,FDPS+LIG4,control_negative,0.42424242424242425
Replogle_exp6,3,FDPS+MVD,control_negative,0.12121212121212122
Replogle_exp6,3,FDPS+NHEJ1,control_negative,0.5151515151515151
Replogle_exp6,3,FDPS+PMVK,control_negative,0.9090909090909091
Replogle_exp6,3,FDPS+PRKDC,control_negative,0.45454545454545453
Replogle_exp6,3,FDPS+RAD9A,control_negative,0.36363636363636365
Replogle_exp6,3,FDPS+RAD17,control_negative,0.7878787878787878
Replogle_exp6,3,FDPS+RRM1,control_negative,0.7575757575757576
Replogle_exp6,3,FDPS+RRM2B,control_negative,0.3333333333333333
Replogle_exp6,3,FDPS+SQLE,control_negative,0.18181818181818182
Replogle_exp6,3,FDPS+SREBF1,control_negative,0.48484848484848486
Replogle_exp6,3,FDPS+SREBF2,control_negative,0.8181818181818182
Replogle_exp6,3,FDPS+TOPBP1,control_negative,0.696969696969697
Replogle_exp6,3,FDPS+XRCC5,control_negative,0.09090909090909091
Replogle_exp6,3,HMGCR+SREBF2,control_negative,0.9393939393939394
Replogle_exp6,3,HUS1+SQLE,control_negative,0.21212121212121213
Replogle_exp6,3,HUS1+SREBF2,control_negative,1.0
Replogle_exp6,3,AHCYL1,control_negative,0.8787878787878788
Replogle_exp6,3,ATR,control_negative,0.15151515151515152
Replogle_exp6,3,FDPS,control_negative,0.6666666666666666
Replogle_exp6,3,POLR1D,control_negative,0.0
Replogle_exp6,3,RAD1,control_negative,0.8484848484848485
Replogle_exp6,3,RPL15,control_negative,0.2727272727272727
Replogle_exp6,3,XRCC6,control_negative,0.030303030303030304
Replogle_exp6,3,AHCYL1+FDPS,control_negative,0.7272727272727273
Replogle_exp6,3,ATR+FDPS,control_negative,0.5454545454545454
Replogle_exp6,3,FDPS+RAD1,control_negative,0.6060606060606061
Replogle_exp6,3,FDPS+XRCC6,control_negative,0.06060606060606061
Replogle_exp6,3,ATM+FDPS,technical_duplicate,0.36363636363636365
Replogle_exp6,3,CHEK1+FDPS,technical_duplicate,0.36363636363636365
Replogle_exp6,3,ETAA1+FDPS,technical_duplicate,0.8787878787878788
Replogle_exp6,3,FDPS+HMGCR,technical_duplicate,1.0
Replogle_exp6,3,FDPS+HUS1,technical_duplicate,1.0
Replogle_exp6,3,FDPS+IDI1,technical_duplicate,0.9696969696969697
Replogle_exp6,3,FDPS+LIG4,technical_duplicate,0.696969696969697
Replogle_exp6,3,FDPS+MVD,technical_duplicate,1.0
Replogle_exp6,3,FDPS+NHEJ1,technical_duplicate,0.5454545454545454
Replogle_exp6,3,FDPS+PMVK,technical_duplicate,1.0
Replogle_exp6,3,FDPS+PRKDC,technical_duplicate,0.9393939393939394
Replogle_exp6,3,FDPS+RAD9A,technical_duplicate,0.9696969696969697
Replogle_exp6,3,FDPS+RAD17,technical_duplicate,0.9090909090909091
Replogle_exp6,3,FDPS+RRM1,technical_duplicate,1.0
Replogle_exp6,3,FDPS+RRM2B,technical_duplicate,0.8181818181818182
Replogle_exp6,3,FDPS+SQLE,technical_duplicate,1.0
Replogle_exp6,3,FDPS+SREBF1,technical_duplicate,1.0
Replogle_exp6,3,FDPS+SREBF2,technical_duplicate,1.0
Replogle_exp6,3,FDPS+TOPBP1,technical_duplicate,0.696969696969697
Replogle_exp6,3,FDPS+XRCC5,technical_duplicate,1.0
Replogle_exp6,3,HMGCR+SREBF2,technical_duplicate,1.0
Replogle_exp6,3,HUS1+SQLE,technical_duplicate,0.9696969696969697
Replogle_exp6,3,HUS1+SREBF2,technical_duplicate,1.0
Replogle_exp6,3,AHCYL1,technical_duplicate,0.9696969696969697
Replogle_exp6,3,ATR,technical_duplicate,0.6363636363636364
Replogle_exp6,3,FDPS,technical_duplicate,1.0
Replogle_exp6,3,POLR1D,technical_duplicate,1.0
Replogle_exp6,3,RAD1,technical_duplicate,0.9696969696969697
Replogle_exp6,3,RPL15,technical_duplicate,0.48484848484848486
Replogle_exp6,3,XRCC6,technical_duplicate,0.9696969696969697
Replogle_exp6,3,AHCYL1+FDPS,technical_duplicate,0.7878787878787878
Replogle_exp6,3,ATR+FDPS,technical_duplicate,1.0
Replogle_exp6,3,FDPS+RAD1,technical_duplicate,0.696969696969697
Replogle_exp6,3,FDPS+XRCC6,technical_duplicate,1.0
Replogle_exp6,3,ATM+FDPS,interpolated_duplicate,0.30303030303030304
Replogle_exp6,3,CHEK1+FDPS,interpolated_duplicate,0.2727272727272727
Replogle_exp6,3,ETAA1+FDPS,interpolated_duplicate,0.7272727272727273
Replogle_exp6,3,FDPS+HMGCR,interpolated_duplicate,1.0
Replogle_exp6,3,FDPS+HUS1,interpolated_duplicate,1.0
Replogle_exp6,3,FDPS+IDI1,interpolated_duplicate,0.9090909090909091
Replogle_exp6,3,FDPS+LIG4,interpolated_duplicate,0.42424242424242425
Replogle_exp6,3,FDPS+MVD,interpolated_duplicate,0.5454545454545454
Replogle_exp6,3,FDPS+NHEJ1,interpolated_duplicate,0.45454545454545453
Replogle_exp6,3,FDPS+PMVK,interpolated_duplicate,0.9696969696969697
Replogle_exp6,3,FDPS+PRKDC,interpolated_duplicate,0.7272727272727273
Replogle_exp6,3,FDPS+RAD9A,interpolated_duplicate,0.6363636363636364
Replogle_exp6,3,FDPS+RAD17,interpolated_duplicate,0.8181818181818182
Replogle_exp6,3,FDPS+RRM1,interpolated_duplicate,1.0
Replogle_exp6,3,FDPS+RRM2B,interpolated_duplicate,0.3939393939393939
Replogle_exp6,3,FDPS+SQLE,interpolated_duplicate,1.0
Replogle_exp6,3,FDPS+SREBF1,interpolated_duplicate,0.696969696969697
Replogle_exp6,3,FDPS+SREBF2,interpolated_duplicate,1.0
Replogle_exp6,3,FDPS+TOPBP1,interpolated_duplicate,0.6060606060606061
Replogle_exp6,3,FDPS+XRCC5,interpolated_duplicate,0.24242424242424243
Replogle_exp6,3,HMGCR+SREBF2,interpolated_duplicate,0.9696969696969697
Replogle_exp6,3,HUS1+SQLE,interpolated_duplicate,0.9696969696969697
Replogle_exp6,3,HUS1+SREBF2,interpolated_duplicate,1.0
Replogle_exp6,3,AHCYL1,interpolated_duplicate,0.6666666666666666
Replogle_exp6,3,ATR,interpolated_duplicate,0.12121212121212122
Replogle_exp6,3,FDPS,interpolated_duplicate,1.0
Replogle_exp6,3,POLR1D,interpolated_duplicate,0.7575757575757576
Replogle_exp6,3,RAD1,interpolated_duplicate,0.696969696969697
Replogle_exp6,3,RPL15,interpolated_duplicate,0.2727272727272727
Replogle_exp6,3,XRCC6,interpolated_duplicate,0.21212121212121213
Replogle_exp6,3,AHCYL1+FDPS,interpolated_duplicate,0.5454545454545454
Replogle_exp6,3,ATR+FDPS,interpolated_duplicate,1.0
Replogle_exp6,3,FDPS+RAD1,interpolated_duplicate,0.6666666666666666
Replogle_exp6,3,FDPS+XRCC6,interpolated_duplicate,1.0
