query_id,seed,pair,estimated_witness_risk,geometry_risk,selected_rho,selected_length_factor,selected_noise_ratio
100::PTPN9+UBASH3B,100,PTPN9+UBASH3B,0.0796042417092471,0.1540807980770956,0.75,4.0,0.1
100::ELMSAN1+MAP2K3,100,ELMSAN1+MAP2K3,0.1105462470293369,0.1643050833765363,0.75,4.0,0.1
100::CEBPE+ZC3HAV1,100,CEBPE+ZC3HAV1,0.0984246451151543,0.1507720093283426,0.75,4.0,0.1
100::CDKN1A+CDKN1C,100,CDKN1A+CDKN1C,0.1758607589698587,0.1844855013421077,0.75,4.0,0.1
100::BAK1+KLF1,100,BAK1+KLF1,0.0772226749909562,0.1434992635778302,0.75,4.0,0.1
100::SNAI1+UBASH3B,100,SNAI1+UBASH3B,0.0757634486516459,0.1416756495399189,0.75,4.0,0.1
100::CNN1+UBASH3B,100,CNN1+UBASH3B,0.0685808988156142,0.1385647369348291,0.75,4.0,0.1
101::ETS2+PRTG,101,ETS2+PRTG,0.0526381652652837,0.1317578060632896,0.9,4.0,0.03
101::DUSP9+ETS2,101,DUSP9+ETS2,0.0790384838919036,0.1259543708504513,0.9,4.0,0.03
101::CEBPB+CEBPE,101,CEBPB+CEBPE,0.1044401343746307,0.1235526207271261,0.9,4.0,0.03
101::CEBPE+ZC3HAV1,101,CEBPE+ZC3HAV1,0.0671051559214695,0.1368516801509884,0.9,4.0,0.03
101::TBX2+TBX3,101,TBX2+TBX3,0.1219344045907288,0.1717113111557025,0.9,4.0,0.03
101::FOXA1+FOXA3,101,FOXA1+FOXA3,0.0720358640728616,0.1413587167757987,0.9,4.0,0.03
101::FOXA1+HOXB9,101,FOXA1+HOXB9,0.0529057503774747,0.1440498269395963,0.9,4.0,0.03
101::DLX2+ZBTB10,101,DLX2+ZBTB10,0.2079868664219812,0.1538133931681788,0.9,4.0,0.03
101::FOXF1+HOXB9,101,FOXF1+HOXB9,0.0520263400283486,0.1468697359706901,0.9,4.0,0.03
102::CEBPB+CEBPE,102,CEBPB+CEBPE,0.1177954402454774,0.1302448036835427,0.9,4.0,0.03
102::PTPN9+UBASH3B,102,PTPN9+UBASH3B,0.0440668684371152,0.1382158913630832,0.9,4.0,0.03
102::CDKN1A+CDKN1B,102,CDKN1A+CDKN1B,0.1057681589117849,0.1805202851280018,0.9,4.0,0.03
102::ETS2+IGDCC3,102,ETS2+IGDCC3,0.0617257996001175,0.1314976736513454,0.9,4.0,0.03
102::FOXA3+HOXB9,102,FOXA3+HOXB9,0.0558595042643144,0.1517621528439821,0.9,4.0,0.03
102::CEBPE+ZC3HAV1,102,CEBPE+ZC3HAV1,0.0669234872540981,0.1427397233690148,0.9,4.0,0.03
102::TBX2+TBX3,102,TBX2+TBX3,0.1268537319698009,0.1782916396325944,0.9,4.0,0.03
102::AHR+FEV,102,AHR+FEV,0.3294940071454059,0.1639250661843047,0.9,4.0,0.03
103::DUSP9+SNAI1,103,DUSP9+SNAI1,0.1447542703262191,0.1319213983445324,0.75,4.0,0.1
103::ELMSAN1+MAP2K3,103,ELMSAN1+MAP2K3,0.0833719827714357,0.1419263627291395,0.75,4.0,0.1
103::CDKN1A+CDKN1B,103,CDKN1A+CDKN1B,0.1194167402317392,0.1734786853063085,0.75,4.0,0.1
103::CEBPE+SPI1,103,CEBPE+SPI1,0.1689305865218286,0.1393416789580183,0.75,4.0,0.1
103::PTPN12+PTPN9,103,PTPN12+PTPN9,0.0637822955550923,0.1312581227762722,0.75,4.0,0.1
103::FOXA1+FOXA3,103,FOXA1+FOXA3,0.1059020209856951,0.1509715290095128,0.75,4.0,0.1
103::FOXA1+HOXB9,103,FOXA1+HOXB9,0.0891372096520314,0.1509715290095128,0.75,4.0,0.1
104::ETS2+PRTG,104,ETS2+PRTG,0.0898042243795928,0.0875233664763454,0.5,0.5,0.03
104::CEBPA+CEBPB,104,CEBPA+CEBPB,0.1906057267900368,0.1064428890099424,0.5,0.5,0.03
104::FOSB+UBASH3B,104,FOSB+UBASH3B,0.0478700917210332,0.0833487752445488,0.5,0.5,0.03
104::CEBPB+CEBPE,104,CEBPB+CEBPE,0.1522997448788042,0.0815383975572223,0.5,0.5,0.03
104::ETS2+IGDCC3,104,ETS2+IGDCC3,0.1113897914809854,0.089182757824391,0.5,0.5,0.03
104::FOXA1+HOXB9,104,FOXA1+HOXB9,0.0401544886141507,0.1067395241907629,0.5,0.5,0.03
104::AHR+FEV,104,AHR+FEV,0.2231887417681247,0.1299183694206091,0.5,0.5,0.03
104::DLX2+ZBTB10,104,DLX2+ZBTB10,0.2237792611722469,0.1370486030675988,0.5,0.5,0.03
104::ETS2+MAP7D1,104,ETS2+MAP7D1,0.1356578968690598,0.1200349547082766,0.5,0.5,0.03
105::CEBPB+LYL1,105,CEBPB+LYL1,0.0990883205458449,0.1284081777331591,0.5,4.0,0.1
105::FOSB+UBASH3B,105,FOSB+UBASH3B,0.0547460462132156,0.0797924809875929,0.5,4.0,0.1
105::DUSP9+SNAI1,105,DUSP9+SNAI1,0.1164787463396452,0.0853455742494784,0.5,4.0,0.1
105::FOXA3+FOXF1,105,FOXA3+FOXF1,0.0783177308251615,0.1202888668358722,0.5,4.0,0.1
105::CEBPE+SPI1,105,CEBPE+SPI1,0.1498706064858981,0.1126314056382315,0.5,4.0,0.1
105::FOXA1+FOXA3,105,FOXA1+FOXA3,0.0869089634428642,0.1202888668358722,0.5,4.0,0.1
106::CEBPB+CEBPE,106,CEBPB+CEBPE,0.1420290059767849,0.1227810532855789,0.9,2.0,0.1
106::PTPN9+UBASH3B,106,PTPN9+UBASH3B,0.0642482789297026,0.1326799381757949,0.9,2.0,0.1
106::ETS2+IGDCC3,106,ETS2+IGDCC3,0.0679501061799669,0.1228085929652668,0.9,2.0,0.1
106::CBFA2T3+POU3F2,106,CBFA2T3+POU3F2,0.0874243004733135,0.1634248846652465,0.9,2.0,0.1
106::DLX2+ZBTB10,106,DLX2+ZBTB10,0.2302412416290935,0.1586931879046904,0.9,2.0,0.1
106::SNAI1+UBASH3B,106,SNAI1+UBASH3B,0.0899750703284397,0.1287578742966372,0.9,2.0,0.1
107::ETS2+PRTG,107,ETS2+PRTG,0.085714525814101,0.1248801176099502,0.5,0.5,0.1
107::DUSP9+SNAI1,107,DUSP9+SNAI1,0.170224590560306,0.1222828872241707,0.5,0.5,0.1
107::ETS2+IGDCC3,107,ETS2+IGDCC3,0.0802806726638189,0.1248801176099502,0.5,0.5,0.1
107::TBX2+TBX3,107,TBX2+TBX3,0.1488002905810904,0.1612597397033713,0.5,0.5,0.1
107::PTPN12+PTPN9,107,PTPN12+PTPN9,0.0566430112300696,0.1313547317268255,0.5,0.5,0.1
107::CEBPE+KLF1,107,CEBPE+KLF1,0.1434793870581689,0.1149485614573661,0.5,0.5,0.1
107::KLF1+TGFBR2,107,KLF1+TGFBR2,0.0584983052025778,0.1122772989057754,0.5,0.5,0.1
107::DLX2+ZBTB10,107,DLX2+ZBTB10,0.1900298752436258,0.1496960887777931,0.5,0.5,0.1
107::ETS2+MAP7D1,107,ETS2+MAP7D1,0.1222009257316519,0.1398621807253566,0.5,0.5,0.1
108::FOSB+UBASH3B,108,FOSB+UBASH3B,0.0477436796981734,0.1307563687394036,0.9,4.0,0.03
108::DUSP9+PRTG,108,DUSP9+PRTG,0.0841378414672143,0.1375050285972404,0.9,4.0,0.03
108::CEBPE+ZC3HAV1,108,CEBPE+ZC3HAV1,0.064056988129748,0.1408465797044818,0.9,4.0,0.03
108::PTPN12+PTPN9,108,PTPN12+PTPN9,0.0475747949836181,0.1402249191778931,0.9,4.0,0.03
108::FOXF1+HOXB9,108,FOXF1+HOXB9,0.0676392943928152,0.1689389509377962,0.9,4.0,0.03
109::DUSP9+PRTG,109,DUSP9+PRTG,0.1099480054447683,0.1331623142660397,0.75,4.0,0.1
109::CEBPE+SPI1,109,CEBPE+SPI1,0.1865613552677007,0.1319899391718213,0.75,4.0,0.1
109::FOXA1+FOXA3,109,FOXA1+FOXA3,0.0811624571646419,0.1287713492401245,0.75,4.0,0.1
109::IKZF3+MAPK1,109,IKZF3+MAPK1,0.1268455553636951,0.1342827849533729,0.75,4.0,0.1
109::KLF1+TGFBR2,109,KLF1+TGFBR2,0.0653920315469981,0.1120300288443658,0.75,4.0,0.1
109::DLX2+ZBTB10,109,DLX2+ZBTB10,0.1600480353153457,0.1438287539489781,0.75,4.0,0.1
109::ETS2+MAP7D1,109,ETS2+MAP7D1,0.1054258186231333,0.1344894794288528,0.75,4.0,0.1
110::DUSP9+PRTG,110,DUSP9+PRTG,0.1218851697363343,0.1372200864802966,0.75,2.0,0.1
110::SAMD1+UBASH3B,110,SAMD1+UBASH3B,0.051187595692227,0.1252704953165886,0.75,2.0,0.1
110::PTPN9+UBASH3B,110,PTPN9+UBASH3B,0.058347016222075,0.1335882324466444,0.75,2.0,0.1
110::ETS2+IGDCC3,110,ETS2+IGDCC3,0.0901205720892834,0.1365255988714234,0.75,2.0,0.1
110::CEBPE+ZC3HAV1,110,CEBPE+ZC3HAV1,0.0770313318746328,0.1358029611202031,0.75,2.0,0.1
110::TBX2+TBX3,110,TBX2+TBX3,0.1246056858879516,0.1711569106641535,0.75,2.0,0.1
110::BAK1+KLF1,110,BAK1+KLF1,0.0715180020372958,0.1357026019893531,0.75,2.0,0.1
110::FOXA1+FOXA3,110,FOXA1+FOXA3,0.0835343875596777,0.1397968799431188,0.75,2.0,0.1
110::DLX2+ZBTB10,110,DLX2+ZBTB10,0.1893412443832995,0.1531077997261753,0.75,2.0,0.1
110::ETS2+MAP7D1,110,ETS2+MAP7D1,0.1091708847211949,0.1488400090603891,0.75,2.0,0.1
111::DUSP9+ETS2,111,DUSP9+ETS2,0.1970095939914823,0.0849709437386324,0.75,4.0,0.1
111::CDKN1A+CDKN1B,111,CDKN1A+CDKN1B,0.1222739593370114,0.2008924388936357,0.75,4.0,0.1
111::CEBPE+SPI1,111,CEBPE+SPI1,0.1831090344145378,0.1101712308396782,0.75,4.0,0.1
111::BAK1+KLF1,111,BAK1+KLF1,0.0847138739591163,0.128423480201666,0.75,4.0,0.1
112::PTPN9+UBASH3B,112,PTPN9+UBASH3B,0.0448804958728345,0.1434480324801481,0.9,2.0,0.03
112::CDKN1A+CDKN1B,112,CDKN1A+CDKN1B,0.0936057237213174,0.1749508250678252,0.9,2.0,0.03
112::BAK1+KLF1,112,BAK1+KLF1,0.0608462991516747,0.1363519210157313,0.9,2.0,0.03
112::PTPN12+PTPN9,112,PTPN12+PTPN9,0.0490737292209016,0.1448607455701606,0.9,2.0,0.03
112::FOXA1+HOXB9,112,FOXA1+HOXB9,0.046793978028711,0.1425504651790435,0.9,2.0,0.03
112::KLF1+TGFBR2,112,KLF1+TGFBR2,0.0531906419689663,0.12180181014665,0.9,2.0,0.03
113::FOSB+UBASH3B,113,FOSB+UBASH3B,0.0601853186728848,0.1264304533946794,0.75,1.0,0.1
113::DUSP9+PRTG,113,DUSP9+PRTG,0.0980976943992256,0.139987987649693,0.75,1.0,0.1
113::ELMSAN1+MAP2K3,113,ELMSAN1+MAP2K3,0.0808022254720409,0.1474188239812122,0.75,1.0,0.1
113::CDKN1A+CDKN1B,113,CDKN1A+CDKN1B,0.1199936066315939,0.1801871586843897,0.75,1.0,0.1
113::FOXA3+FOXF1,113,FOXA3+FOXF1,0.0821319106044254,0.1715317045794559,0.75,1.0,0.1
113::FOXA3+HOXB9,113,FOXA3+HOXB9,0.0985957812029273,0.1773691712314689,0.75,1.0,0.1
113::FOXF1+HOXB9,113,FOXF1+HOXB9,0.0756920020700394,0.1715317045794559,0.75,1.0,0.1
114::CBFA2T3+POU3F2,114,CBFA2T3+POU3F2,0.0896346824153796,0.1561752504019839,0.75,2.0,0.1
114::FOXA3+HOXB9,114,FOXA3+HOXB9,0.0773369193168727,0.1520573816307027,0.75,2.0,0.1
114::PTPN12+PTPN9,114,PTPN12+PTPN9,0.0597917451731474,0.1312453492481808,0.75,2.0,0.1
114::CEBPE+KLF1,114,CEBPE+KLF1,0.1121714737417719,0.1176037359385905,0.75,2.0,0.1
114::DLX2+ZBTB10,114,DLX2+ZBTB10,0.2130114947048763,0.1544250267061609,0.75,2.0,0.1
114::FOXF1+HOXB9,114,FOXF1+HOXB9,0.0736340776748455,0.1520573816307027,0.75,2.0,0.1
114::CNN1+UBASH3B,114,CNN1+UBASH3B,0.0589254804162961,0.1252706846023743,0.75,2.0,0.1
115::CEBPB+LYL1,115,CEBPB+LYL1,0.0941439071371523,0.1457577705197765,0.75,1.0,0.1
115::ETS2+PRTG,115,ETS2+PRTG,0.0844078836347026,0.1338743810361987,0.75,1.0,0.1
115::DUSP9+ETS2,115,DUSP9+ETS2,0.2410273054939761,0.1334972775310685,0.75,1.0,0.1
115::PTPN9+UBASH3B,115,PTPN9+UBASH3B,0.0516280698373391,0.1326808082923383,0.75,1.0,0.1
115::CBFA2T3+POU3F2,115,CBFA2T3+POU3F2,0.0832376686148975,0.1571784846587217,0.75,1.0,0.1
115::CEBPE+ZC3HAV1,115,CEBPE+ZC3HAV1,0.1048291214490392,0.1433466391958162,0.75,1.0,0.1
115::ETS2+MAP7D1,115,ETS2+MAP7D1,0.1152680549632165,0.1456511480936857,0.75,1.0,0.1
116::CEBPB+LYL1,116,CEBPB+LYL1,0.098259112952701,0.152806666921282,0.75,4.0,0.1
116::CEBPA+CEBPB,116,CEBPA+CEBPB,0.1327795694199608,0.1364717580136382,0.75,4.0,0.1
116::ELMSAN1+MAP2K3,116,ELMSAN1+MAP2K3,0.0956691053169123,0.1451825785622648,0.75,4.0,0.1
116::CBFA2T3+POU3F2,116,CBFA2T3+POU3F2,0.0988369634703118,0.1599910184778999,0.75,4.0,0.1
116::CDKN1A+CDKN1C,116,CDKN1A+CDKN1C,0.1731105360249424,0.1756341671415806,0.75,4.0,0.1
116::TBX2+TBX3,116,TBX2+TBX3,0.1320826863140733,0.1734658440904499,0.75,4.0,0.1
116::KLF1+TGFBR2,116,KLF1+TGFBR2,0.0653018379983755,0.1222474391589785,0.75,4.0,0.1
116::AHR+FEV,116,AHR+FEV,0.2015074757724959,0.155329357210906,0.75,4.0,0.1
116::DLX2+ZBTB10,116,DLX2+ZBTB10,0.1604255901673586,0.1567084721737241,0.75,4.0,0.1
116::ETS2+MAP7D1,116,ETS2+MAP7D1,0.105728040426414,0.1434482540422949,0.75,4.0,0.1
117::CEBPA+CEBPB,117,CEBPA+CEBPB,0.114771618153198,0.1157439642974145,0.75,4.0,0.1
117::DUSP9+PRTG,117,DUSP9+PRTG,0.0990208082501235,0.125658648415567,0.75,4.0,0.1
117::DUSP9+SNAI1,117,DUSP9+SNAI1,0.1507291996198341,0.1217637880877436,0.75,4.0,0.1
117::CDKN1A+CDKN1C,117,CDKN1A+CDKN1C,0.1556632771041367,0.156224054446868,0.75,4.0,0.1
117::PTPN12+PTPN9,117,PTPN12+PTPN9,0.0659024343747786,0.1256721724646635,0.75,4.0,0.1
117::DLX2+ZBTB10,117,DLX2+ZBTB10,0.1477132317975359,0.1386486423440408,0.75,4.0,0.1
117::FOXF1+HOXB9,117,FOXF1+HOXB9,0.0628555852119109,0.1278356510642955,0.75,4.0,0.1
118::CEBPB+LYL1,118,CEBPB+LYL1,0.0793034911759551,0.1358227201072367,0.9,4.0,0.03
118::ETS2+PRTG,118,ETS2+PRTG,0.0503964831767514,0.0913033727955017,0.9,4.0,0.03
118::FOSB+UBASH3B,118,FOSB+UBASH3B,0.0498112734959079,0.0855137531454177,0.9,4.0,0.03
118::DUSP9+ETS2,118,DUSP9+ETS2,0.3071774975445958,0.0943548700426818,0.9,4.0,0.03
118::PTPN9+UBASH3B,118,PTPN9+UBASH3B,0.0451047057839,0.0984412190037591,0.9,4.0,0.03
118::ELMSAN1+MAP2K3,118,ELMSAN1+MAP2K3,0.0792115155535487,0.1229599098183001,0.9,4.0,0.03
118::CEBPE+SPI1,118,CEBPE+SPI1,0.2850210368446547,0.1160234935744551,0.9,4.0,0.03
118::TBX2+TBX3,118,TBX2+TBX3,0.1240039598477124,0.1945759874714699,0.9,4.0,0.03
118::FOXF1+HOXB9,118,FOXF1+HOXB9,0.0540406277228853,0.1141638077131223,0.9,4.0,0.03
118::SNAI1+UBASH3B,118,SNAI1+UBASH3B,0.065152076977094,0.0995528505299999,0.9,4.0,0.03
119::ETS2+PRTG,119,ETS2+PRTG,0.0664453257924788,0.1285496465117301,0.75,1.0,0.1
119::FOXA3+HOXB9,119,FOXA3+HOXB9,0.0900651940440261,0.1558751090085213,0.75,1.0,0.1
119::PTPN12+PTPN9,119,PTPN12+PTPN9,0.0647067868976801,0.1426712099033383,0.75,1.0,0.1
119::IKZF3+MAPK1,119,IKZF3+MAPK1,0.1583774627878577,0.1405174533276922,0.75,1.0,0.1
119::FOXA1+HOXB9,119,FOXA1+HOXB9,0.0856396373150149,0.1518746938144425,0.75,1.0,0.1
120::CEBPB+LYL1,120,CEBPB+LYL1,0.0875252290517041,0.1325267582524786,0.75,4.0,0.03
120::ETS2+PRTG,120,ETS2+PRTG,0.0365361873518415,0.0875462534152236,0.75,4.0,0.03
120::SAMD1+UBASH3B,120,SAMD1+UBASH3B,0.0342499023900663,0.0898791377374648,0.75,4.0,0.03
120::DUSP9+SNAI1,120,DUSP9+SNAI1,0.1885099604707498,0.0926723931593131,0.75,4.0,0.03
120::PTPN9+UBASH3B,120,PTPN9+UBASH3B,0.0360805215487853,0.0971956956667683,0.75,4.0,0.03
120::IKZF3+MAPK1,120,IKZF3+MAPK1,0.0916844905868695,0.0918050041743172,0.75,4.0,0.03
120::CEBPE+KLF1,120,CEBPE+KLF1,0.0819265124691064,0.0780058782083248,0.75,4.0,0.03
120::ETS2+MAP7D1,120,ETS2+MAP7D1,0.102773233812805,0.1171685044288093,0.75,4.0,0.03
121::CEBPB+LYL1,121,CEBPB+LYL1,0.0864596113003961,0.1405263058854757,0.75,4.0,0.1
121::SAMD1+UBASH3B,121,SAMD1+UBASH3B,0.0572043079447823,0.1233147873971629,0.75,4.0,0.1
121::PTPN12+PTPN9,121,PTPN12+PTPN9,0.0667026472473918,0.1299597678453094,0.75,4.0,0.1
121::DLX2+ZBTB10,121,DLX2+ZBTB10,0.1426647498518766,0.1477988814809715,0.75,4.0,0.1
122::ETS2+PRTG,122,ETS2+PRTG,0.111348354951193,0.1312617719857469,0.75,4.0,0.3
122::DUSP9+ETS2,122,DUSP9+ETS2,0.1284311780686955,0.1306767725139905,0.75,4.0,0.3
122::FOXA3+FOXF1,122,FOXA3+FOXF1,0.1173525526164736,0.1568175332019424,0.75,4.0,0.3
122::BAK1+KLF1,122,BAK1+KLF1,0.1122768228320388,0.1372033592314459,0.75,4.0,0.3
122::FOXA1+HOXB9,122,FOXA1+HOXB9,0.1110083557363143,0.1440948472803241,0.75,4.0,0.3
122::SNAI1+UBASH3B,122,SNAI1+UBASH3B,0.1043507660216805,0.1256094512362714,0.75,4.0,0.3
122::CNN1+UBASH3B,122,CNN1+UBASH3B,0.1016014622632998,0.1307439505684123,0.75,4.0,0.3
123::ETS2+PRTG,123,ETS2+PRTG,0.0876342820431139,0.1180487404459395,0.5,2.0,0.3
123::CEBPA+CEBPB,123,CEBPA+CEBPB,0.126785935551976,0.1256022938720883,0.5,2.0,0.3
123::DUSP9+ETS2,123,DUSP9+ETS2,0.1511703174719288,0.1201648822061374,0.5,2.0,0.3
123::DUSP9+SNAI1,123,DUSP9+SNAI1,0.146699147607162,0.1278805430427832,0.5,2.0,0.3
123::PTPN9+UBASH3B,123,PTPN9+UBASH3B,0.0911903008069932,0.129893841441732,0.5,2.0,0.3
123::FOXA3+HOXB9,123,FOXA3+HOXB9,0.0930427115125373,0.1315836157304105,0.5,2.0,0.3
123::CDKN1A+CDKN1C,123,CDKN1A+CDKN1C,0.1591296104604624,0.1602343083095991,0.5,2.0,0.3
123::KLF1+TGFBR2,123,KLF1+TGFBR2,0.0806004159440839,0.1126868598958494,0.5,2.0,0.3
123::SNAI1+UBASH3B,123,SNAI1+UBASH3B,0.0872731647865853,0.1185997257815545,0.5,2.0,0.3
124::FOSB+UBASH3B,124,FOSB+UBASH3B,0.059507356679959,0.129631724968847,0.75,1.0,0.1
124::DUSP9+ETS2,124,DUSP9+ETS2,0.2359557927861615,0.1310335663836616,0.75,1.0,0.1
124::SAMD1+UBASH3B,124,SAMD1+UBASH3B,0.0507420890096287,0.1353239515851058,0.75,1.0,0.1
124::FOXA3+FOXF1,124,FOXA3+FOXF1,0.0682664666082739,0.163349484043754,0.75,1.0,0.1
124::KLF1+TGFBR2,124,KLF1+TGFBR2,0.0593933730803565,0.1230201011703851,0.75,1.0,0.1
124::FOXF1+HOXB9,124,FOXF1+HOXB9,0.0651339219243714,0.1573273410284237,0.75,1.0,0.1
125::DUSP9+PRTG,125,DUSP9+PRTG,0.2602827975249763,0.1396465361495764,0.75,2.0,0.1
125::DUSP9+ETS2,125,DUSP9+ETS2,0.1076297060626706,0.1374943370891889,0.75,2.0,0.1
125::CEBPB+CEBPE,125,CEBPB+CEBPE,0.1191809336244051,0.1247252811325766,0.75,2.0,0.1
125::CEBPE+SPI1,125,CEBPE+SPI1,0.235512540412132,0.146318161387703,0.75,2.0,0.1
125::IKZF3+MAPK1,125,IKZF3+MAPK1,0.140254077852736,0.1343354011983021,0.75,2.0,0.1
125::FOXA1+HOXB9,125,FOXA1+HOXB9,0.0667802603464739,0.1463664635661768,0.75,2.0,0.1
125::KLF1+TGFBR2,125,KLF1+TGFBR2,0.0629764405858745,0.1268472628510544,0.75,2.0,0.1
125::DLX2+ZBTB10,125,DLX2+ZBTB10,0.219102716896785,0.1648393689585263,0.75,2.0,0.1
125::FOXF1+HOXB9,125,FOXF1+HOXB9,0.0651259783319909,0.1502146066149775,0.75,2.0,0.1
125::ETS2+MAP7D1,125,ETS2+MAP7D1,0.1181221153524491,0.1512662955500145,0.75,2.0,0.1
126::FOSB+UBASH3B,126,FOSB+UBASH3B,0.0623841324146862,0.1315766769762096,0.5,0.5,0.1
126::CDKN1A+CDKN1B,126,CDKN1A+CDKN1B,0.1380109152594427,0.1716232204327383,0.5,0.5,0.1
126::TBX2+TBX3,126,TBX2+TBX3,0.1494924123871746,0.1695044152422107,0.5,0.5,0.1
126::IKZF3+MAPK1,126,IKZF3+MAPK1,0.1318892162446896,0.1341008530280204,0.5,0.5,0.1
126::FOXA1+HOXB9,126,FOXA1+HOXB9,0.0579949480376571,0.1409361364454691,0.5,0.5,0.1
126::KLF1+TGFBR2,126,KLF1+TGFBR2,0.060038153859453,0.1205167007963904,0.5,0.5,0.1
126::CNN1+UBASH3B,126,CNN1+UBASH3B,0.047093240218522,0.1260406343852366,0.5,0.5,0.1
127::SAMD1+UBASH3B,127,SAMD1+UBASH3B,0.0629866638841781,0.1684059968634929,0.9,2.0,0.1
127::CEBPB+CEBPE,127,CEBPB+CEBPE,0.1474875093396343,0.1643078973090358,0.9,2.0,0.1
127::PTPN9+UBASH3B,127,PTPN9+UBASH3B,0.0683372339088857,0.1705538470978749,0.9,2.0,0.1
127::IKZF3+MAPK1,127,IKZF3+MAPK1,0.3941637174032713,0.173477544787263,0.9,2.0,0.1
127::FOXF1+HOXB9,127,FOXF1+HOXB9,0.068571058940658,0.1757722741881389,0.9,2.0,0.1
128::CEBPB+LYL1,128,CEBPB+LYL1,0.1125886915033848,0.1371150331690745,0.5,4.0,0.3
128::BAK1+KLF1,128,BAK1+KLF1,0.1012636110136727,0.1297905543883372,0.5,4.0,0.3
128::CEBPE+KLF1,128,CEBPE+KLF1,0.1106900504296547,0.1155918706964076,0.5,4.0,0.3
128::SNAI1+UBASH3B,128,SNAI1+UBASH3B,0.0871100916889968,0.1160631663384239,0.5,4.0,0.3
128::CNN1+UBASH3B,128,CNN1+UBASH3B,0.08371698924403,0.1170036244801694,0.5,4.0,0.3
129::CEBPB+LYL1,129,CEBPB+LYL1,0.0861943617715582,0.136167591007293,0.75,1.0,0.1
129::ELMSAN1+MAP2K3,129,ELMSAN1+MAP2K3,0.0755141086326695,0.1343206979951028,0.75,1.0,0.1
129::CDKN1A+CDKN1B,129,CDKN1A+CDKN1B,0.1071438616872085,0.1635146888176491,0.75,1.0,0.1
129::TBX2+TBX3,129,TBX2+TBX3,0.1198019955088191,0.1614959889557028,0.75,1.0,0.1
129::KLF1+TGFBR2,129,KLF1+TGFBR2,0.059124989511103,0.1150203514456257,0.75,1.0,0.1
129::SNAI1+UBASH3B,129,SNAI1+UBASH3B,0.0850468382454712,0.1213733774787447,0.75,1.0,0.1
