data_seed,model_seed,pair,strategy,residual_mse,residual_cosine,full_effect_mse,full_effect_cosine
41,0,RRM2B+FDPS,Saturation,0.01744351051998559,0.0,0.01744351051998559,0.849677924513651
41,0,XRCC5+FDPS,Saturation,0.024487592808431696,0.0,0.024487592808431696,0.8508304410856926
41,0,RAD1+FDPS,Saturation,0.018633629901425194,0.0,0.018633629901425194,0.8291152901460594
41,0,ATM+FDPS,Saturation,0.022874045985658186,0.0,0.022874045985658186,0.809877266568782
41,0,CHEK1+FDPS,Saturation,0.025671669223700653,0.0,0.025671669223700653,0.7787534321978196
41,0,RAD17+FDPS,Saturation,0.0160619722966756,0.0,0.0160619722966756,0.8622691459323629
41,0,FDPS+ATRIP,Saturation,0.020417147667066787,0.0,0.020417147667066787,0.8438328526236187
41,0,FDPS+AHCYL1,Saturation,0.02173207512311204,0.0,0.02173207512311204,0.8179676645519923
41,0,FDPS+RAD9A,Saturation,0.019430239323939797,0.0,0.019430239323939797,0.842232009608706
41,0,FDPS+LIG4,Saturation,0.01834530976444704,0.0,0.01834530976444704,0.8404457261057947
41,0,FDPS+ATR,Saturation,0.022921418086155745,0.0,0.022921418086155745,0.8429993604566297
41,0,FDPS+NHEJ1,Saturation,0.018771775862833826,0.0,0.018771775862833826,0.8402330038539817
41,0,FDPS+XRCC6,Saturation,0.02614763085593524,0.0,0.02614763085593524,0.8528878719590828
41,0,FDPS+PRKDC,Saturation,0.020528578888414535,0.0,0.020528578888414535,0.828428021195217
41,0,RRM2B+FDPS,GEARS,0.03923127414893221,0.3344097691544219,0.03923127414893221,0.7489075940284041
41,0,XRCC5+FDPS,GEARS,0.05037103203171069,0.32027661598242463,0.05037103203171069,0.6893198887422702
41,0,RAD1+FDPS,GEARS,0.0434919049996459,0.3107918552448024,0.0434919049996459,0.7024171470983328
41,0,ATM+FDPS,GEARS,0.04555548504745312,0.33705356759277877,0.04555548504745312,0.6653963382691669
41,0,CHEK1+FDPS,GEARS,0.03677329224074197,0.4074808898649069,0.03677329224074197,0.7364879218856747
41,0,RAD17+FDPS,GEARS,0.03965382685818467,0.32090938819763676,0.03965382685818467,0.7058797693313469
41,0,FDPS+ATRIP,GEARS,0.04234707621044792,0.34550463122748387,0.04234707621044792,0.7043591496967667
41,0,FDPS+AHCYL1,GEARS,0.03910169702132915,0.326204490864704,0.03910169702132915,0.7178001115648397
41,0,FDPS+RAD9A,GEARS,0.03689239973081901,0.34320432460256656,0.03689239973081901,0.7353614386361778
41,0,FDPS+LIG4,GEARS,0.03504016407985102,0.40706747752349925,0.03504016407985102,0.779616050176038
41,0,FDPS+ATR,GEARS,0.03984310435904554,0.5074013993733689,0.03984310435904554,0.6827571001557576
41,0,FDPS+NHEJ1,GEARS,0.035574616604762195,0.3258197608476932,0.035574616604762195,0.7604292363019586
41,0,FDPS+XRCC6,GEARS,0.05628010496914581,0.25961672995899265,0.05628010496914581,0.6711487727825032
41,0,FDPS+PRKDC,GEARS,0.03752103532745601,0.40884865382850494,0.03752103532745601,0.7311919100522868
41,0,RRM2B+FDPS,CPA,0.18614636759171593,0.12725374652890745,0.18614636759171593,0.13316390518930515
41,0,XRCC5+FDPS,CPA,0.22020682480964832,0.14731268294157795,0.22020682480964832,0.018210621123346767
41,0,RAD1+FDPS,CPA,0.18191417380288638,0.18515637335717522,0.18191417380288638,0.1049457569669752
41,0,ATM+FDPS,CPA,0.18003343778202108,0.08704546580975314,0.18003343778202108,0.16760958496027112
41,0,CHEK1+FDPS,CPA,0.19039055599134042,0.12898060676655165,0.19039055599134042,0.10816743205611809
41,0,RAD17+FDPS,CPA,0.1953873991894114,0.09307941130266924,0.1953873991894114,0.04545126942746829
41,0,FDPS+ATRIP,CPA,0.2020519205520733,0.1213760807147253,0.2020519205520733,0.07580075959007493
41,0,FDPS+AHCYL1,CPA,0.19021589053396876,0.21764397908815447,0.19021589053396876,0.0778679806780731
41,0,FDPS+RAD9A,CPA,0.18682454153247086,0.15798870741350649,0.18682454153247086,0.12708181795451529
41,0,FDPS+LIG4,CPA,0.1884375279506731,0.09880473033855135,0.1884375279506731,0.11216314151242669
41,0,FDPS+ATR,CPA,0.18187152328516135,0.28467343540930623,0.18187152328516135,0.1302374223181437
41,0,FDPS+NHEJ1,CPA,0.19256668882175879,0.17955769536458313,0.19256668882175879,0.09418763537185659
41,0,FDPS+XRCC6,CPA,0.22425132759645355,0.07266190825634655,0.22425132759645355,0.07915328250816994
41,0,FDPS+PRKDC,CPA,0.20130214422040665,0.21850195624713134,0.20130214422040665,0.0719212464981089
41,0,RRM2B+FDPS,GEARS+Witness,0.009942098161760029,0.659032566980398,0.009942098161760029,0.9189453295521895
41,0,XRCC5+FDPS,GEARS+Witness,0.014299764646462045,0.6662283480916813,0.014299764646462045,0.9128825707583019
41,0,RAD1+FDPS,GEARS+Witness,0.009779399135573293,0.7038516777229907,0.009779399135573293,0.9085122569722662
41,0,ATM+FDPS,GEARS+Witness,0.014489832093654502,0.6115074393779755,0.014489832093654502,0.8866012373813156
41,0,CHEK1+FDPS,GEARS+Witness,0.01621876845099605,0.6221898666865285,0.01621876845099605,0.8601834978208764
41,0,RAD17+FDPS,GEARS+Witness,0.008045404899828655,0.7123910253403929,0.008045404899828655,0.9326376703561738
41,0,FDPS+ATRIP,GEARS+Witness,0.011135309479195124,0.6876571880939687,0.011135309479195124,0.9148904310916118
41,0,FDPS+AHCYL1,GEARS+Witness,0.012803388103645369,0.6536283716302419,0.012803388103645369,0.8893888207172623
41,0,FDPS+RAD9A,GEARS+Witness,0.009712853804908755,0.7268293355137347,0.009712853804908755,0.9222263141239294
41,0,FDPS+LIG4,GEARS+Witness,0.010071097202762488,0.6793684373066926,0.010071097202762485,0.9143615877792788
41,0,FDPS+ATR,GEARS+Witness,0.012936807736575916,0.6796548349259941,0.012936807736575916,0.9043360041680751
41,0,FDPS+NHEJ1,GEARS+Witness,0.010332910013528833,0.6799523023557186,0.010332910013528832,0.911210607466518
41,0,FDPS+XRCC6,GEARS+Witness,0.01638505117217076,0.6283712720963086,0.01638505117217076,0.9116484744131179
41,0,FDPS+PRKDC,GEARS+Witness,0.011686701299324557,0.6682314513085447,0.011686701299324557,0.901490466920214
41,0,RRM2B+FDPS,CPA+Witness,0.010009754221628685,0.6569207725270838,0.010009754221628685,0.9199808354913601
41,0,XRCC5+FDPS,CPA+Witness,0.014476929803242153,0.6610496023926564,0.014476929803242151,0.9117291823469806
41,0,RAD1+FDPS,CPA+Witness,0.009962893872877998,0.693994938496312,0.009962893872877998,0.906551955050336
41,0,ATM+FDPS,CPA+Witness,0.014660624233464375,0.6072312657011913,0.014660624233464372,0.8854796590942962
41,0,CHEK1+FDPS,CPA+Witness,0.016781846574113576,0.6003799542609555,0.016781846574113576,0.854859670002419
41,0,RAD17+FDPS,CPA+Witness,0.007983332821354546,0.7178663388059611,0.007983332821354546,0.9336563997505893
41,0,FDPS+ATRIP,CPA+Witness,0.011174829089310676,0.6896031718720387,0.011174829089310676,0.9146467977736165
41,0,FDPS+AHCYL1,CPA+Witness,0.012724733048986742,0.658066238798429,0.012724733048986745,0.8894545386822121
41,0,FDPS+RAD9A,CPA+Witness,0.009712517970693443,0.7284379186238485,0.009712517970693444,0.9225800472446257
41,0,FDPS+LIG4,CPA+Witness,0.010482762346725754,0.6611576860513235,0.010482762346725752,0.9113262710029268
41,0,FDPS+ATR,CPA+Witness,0.01373563005740367,0.6485500511220507,0.013735630057403669,0.900436143553611
41,0,FDPS+NHEJ1,CPA+Witness,0.01026552628520199,0.6838670696519769,0.010265526285201986,0.9118221733452593
41,0,FDPS+XRCC6,CPA+Witness,0.016529245402787544,0.6243283303054107,0.016529245402787544,0.9104981099326515
41,0,FDPS+PRKDC,CPA+Witness,0.011951546533742818,0.6578368268075848,0.011951546533742818,0.8990796428276912
41,0,RRM2B+FDPS,WitnessCell,0.009968784752722233,0.6593113892328647,0.009968784752722233,0.9193680631834764
41,0,XRCC5+FDPS,WitnessCell,0.01449648697819905,0.661296771203002,0.01449648697819905,0.9115818335749756
41,0,RAD1+FDPS,WitnessCell,0.009989047481178145,0.6937807510829143,0.009989047481178145,0.9065053149796916
41,0,ATM+FDPS,WitnessCell,0.014560700375261717,0.611902177770779,0.014560700375261717,0.8856028473242
41,0,CHEK1+FDPS,WitnessCell,0.01676329052615214,0.6018105108437114,0.01676329052615214,0.8551660685837603
41,0,RAD17+FDPS,WitnessCell,0.007890820543890167,0.7229059869447494,0.007890820543890167,0.9338804787220857
41,0,FDPS+ATRIP,WitnessCell,0.011143579739271601,0.6914841224998391,0.011143579739271601,0.9147698707322147
41,0,FDPS+AHCYL1,WitnessCell,0.012920146913875715,0.6498226467831487,0.012920146913875715,0.8886494660318497
41,0,FDPS+RAD9A,WitnessCell,0.009691290711843216,0.730593602038327,0.009691290711843216,0.922322095243283
41,0,FDPS+LIG4,WitnessCell,0.010390381438740387,0.6660160362842613,0.010390381438740387,0.9116893874139025
41,0,FDPS+ATR,WitnessCell,0.014104544796005702,0.6329520819291673,0.014104544796005702,0.9004238958503031
41,0,FDPS+NHEJ1,WitnessCell,0.010314474694527008,0.6823117195053401,0.010314474694527008,0.9113470936547202
41,0,FDPS+XRCC6,WitnessCell,0.0163999047521058,0.6301482447962061,0.0163999047521058,0.9106230665041998
41,0,FDPS+PRKDC,WitnessCell,0.012184763589847925,0.6472994622167252,0.012184763589847925,0.8972206003830759
41,1,RRM2B+FDPS,Saturation,0.01744351051998559,0.0,0.01744351051998559,0.849677924513651
41,1,XRCC5+FDPS,Saturation,0.024487592808431696,0.0,0.024487592808431696,0.8508304410856926
41,1,RAD1+FDPS,Saturation,0.018633629901425194,0.0,0.018633629901425194,0.8291152901460594
41,1,ATM+FDPS,Saturation,0.022874045985658186,0.0,0.022874045985658186,0.809877266568782
41,1,CHEK1+FDPS,Saturation,0.025671669223700653,0.0,0.025671669223700653,0.7787534321978196
41,1,RAD17+FDPS,Saturation,0.0160619722966756,0.0,0.0160619722966756,0.8622691459323629
41,1,FDPS+ATRIP,Saturation,0.020417147667066787,0.0,0.020417147667066787,0.8438328526236187
41,1,FDPS+AHCYL1,Saturation,0.02173207512311204,0.0,0.02173207512311204,0.8179676645519923
41,1,FDPS+RAD9A,Saturation,0.019430239323939797,0.0,0.019430239323939797,0.842232009608706
41,1,FDPS+LIG4,Saturation,0.01834530976444704,0.0,0.01834530976444704,0.8404457261057947
41,1,FDPS+ATR,Saturation,0.022921418086155745,0.0,0.022921418086155745,0.8429993604566297
41,1,FDPS+NHEJ1,Saturation,0.018771775862833826,0.0,0.018771775862833826,0.8402330038539817
41,1,FDPS+XRCC6,Saturation,0.02614763085593524,0.0,0.02614763085593524,0.8528878719590828
41,1,FDPS+PRKDC,Saturation,0.020528578888414535,0.0,0.020528578888414535,0.828428021195217
41,1,RRM2B+FDPS,GEARS,0.041551862223190836,0.31168303107739403,0.041551862223190836,0.7184306076595399
41,1,XRCC5+FDPS,GEARS,0.04838879661244605,0.3294299138966182,0.04838879661244605,0.6946249338678374
41,1,RAD1+FDPS,GEARS,0.04521218204388283,0.3018468646834552,0.04521218204388283,0.6587741400682767
41,1,ATM+FDPS,GEARS,0.043287800700526215,0.37219414342839535,0.043287800700526215,0.6882586697063102
41,1,CHEK1+FDPS,GEARS,0.040866868514425725,0.3962851983890971,0.040866868514425725,0.7240628439101711
41,1,RAD17+FDPS,GEARS,0.040067755966514,0.2882694729711987,0.040067755966514,0.7079525672652978
41,1,FDPS+ATRIP,GEARS,0.04643829342342937,0.3288845873009648,0.04643829342342937,0.6835811239647656
41,1,FDPS+AHCYL1,GEARS,0.04014961690803329,0.3352063807117561,0.04014961690803329,0.7506333745134788
41,1,FDPS+RAD9A,GEARS,0.03753780600231264,0.3654799543075768,0.03753780600231264,0.740274547633191
41,1,FDPS+LIG4,GEARS,0.035375607677406024,0.3979980416728503,0.035375607677406024,0.7806452297591249
41,1,FDPS+ATR,GEARS,0.04114235079432811,0.5025162172381779,0.04114235079432811,0.7123846258471239
41,1,FDPS+NHEJ1,GEARS,0.037181859830920365,0.3033863183804881,0.037181859830920365,0.7501067844810649
41,1,FDPS+XRCC6,GEARS,0.05463821245873511,0.2666819555410135,0.05463821245873511,0.6748896625433292
41,1,FDPS+PRKDC,GEARS,0.04313657357532597,0.38068926455545216,0.04313657357532597,0.6949041479813355
41,1,RRM2B+FDPS,CPA,0.1932395627299558,0.07166580126311571,0.1932395627299558,0.1083517864124876
41,1,XRCC5+FDPS,CPA,0.22774184974363373,0.06876427089748878,0.22774184974363373,0.006495779839822008
41,1,RAD1+FDPS,CPA,0.18452299946843626,0.10793617358112992,0.18452299946843626,0.0769717979447344
41,1,ATM+FDPS,CPA,0.18393023808520367,0.03296026710032367,0.18393023808520367,0.10126212238327824
41,1,CHEK1+FDPS,CPA,0.17875269775188787,0.08865474014251405,0.17875269775188787,0.13813822914564583
41,1,RAD17+FDPS,CPA,0.19390457663363725,0.06271534649601375,0.19390457663363725,0.046234243369397104
41,1,FDPS+ATRIP,CPA,0.20376789251557617,0.12137457113773388,0.20376789251557617,0.0330167738490004
41,1,FDPS+AHCYL1,CPA,0.18530475738120208,0.17034551353450417,0.18530475738120208,0.08930288238430839
41,1,FDPS+RAD9A,CPA,0.18267429775937813,0.05536117941407926,0.18267429775937813,0.1563353318169442
41,1,FDPS+LIG4,CPA,0.1728140195923657,0.07256501513696177,0.1728140195923657,0.13656157986339929
41,1,FDPS+ATR,CPA,0.17751787001549388,0.2374489990885392,0.17751787001549388,0.1449186461374449
41,1,FDPS+NHEJ1,CPA,0.1760759782057825,0.15829380720464908,0.1760759782057825,0.11492001286358722
41,1,FDPS+XRCC6,CPA,0.22642734233924652,0.025266733953656768,0.22642734233924652,0.02591167312697369
41,1,FDPS+PRKDC,CPA,0.18368435059404975,0.17393713900932326,0.18368435059404975,0.0870057092193924
41,1,RRM2B+FDPS,GEARS+Witness,0.01000238281305178,0.6559421542364725,0.01000238281305178,0.9186879651339763
41,1,XRCC5+FDPS,GEARS+Witness,0.014413599340076699,0.6590288273234243,0.014413599340076697,0.9121867118221006
41,1,RAD1+FDPS,GEARS+Witness,0.009879527415455617,0.6977335551190162,0.009879527415455617,0.9074117144777919
41,1,ATM+FDPS,GEARS+Witness,0.01438124775169826,0.6149536248507871,0.01438124775169826,0.8874214338540551
41,1,CHEK1+FDPS,GEARS+Witness,0.01622459997320072,0.6197863552821163,0.01622459997320072,0.8601719531529401
41,1,RAD17+FDPS,GEARS+Witness,0.008229451432511699,0.7028241302818592,0.008229451432511699,0.9308834607676901
41,1,FDPS+ATRIP,GEARS+Witness,0.011277590433708304,0.6794352899655952,0.011277590433708304,0.9137462949169836
41,1,FDPS+AHCYL1,GEARS+Witness,0.012779495589589,0.6536159635157456,0.012779495589589,0.8902409315354316
41,1,FDPS+RAD9A,GEARS+Witness,0.009708097103338828,0.7247596530288445,0.009708097103338828,0.9222031871281862
41,1,FDPS+LIG4,GEARS+Witness,0.010192931152042721,0.6723517728228026,0.010192931152042721,0.913126831824078
41,1,FDPS+ATR,GEARS+Witness,0.012816223120296285,0.6830184356986927,0.012816223120296287,0.9059414516713826
41,1,FDPS+NHEJ1,GEARS+Witness,0.010393296468214405,0.6770868885120449,0.010393296468214405,0.9106744017129383
41,1,FDPS+XRCC6,GEARS+Witness,0.016503699920834527,0.6217502193154945,0.016503699920834527,0.9111691196359711
41,1,FDPS+PRKDC,GEARS+Witness,0.011767960228796759,0.6629079680170978,0.011767960228796757,0.9007506370203848
41,1,RRM2B+FDPS,CPA+Witness,0.009985159278028115,0.6587753880062187,0.009985159278028115,0.9198998497550483
41,1,XRCC5+FDPS,CPA+Witness,0.014523184688033581,0.6607343759465645,0.014523184688033581,0.9113954220957292
41,1,RAD1+FDPS,CPA+Witness,0.009973452930365227,0.6949612269583308,0.009973452930365227,0.9064952474459319
41,1,ATM+FDPS,CPA+Witness,0.01464999768082847,0.6082319267509998,0.01464999768082847,0.8853951517128087
41,1,CHEK1+FDPS,CPA+Witness,0.01676396119863374,0.6021503754450409,0.01676396119863374,0.8550622466135587
41,1,RAD17+FDPS,CPA+Witness,0.007941686338999578,0.7205606675455489,0.007941686338999578,0.9338004269243305
41,1,FDPS+ATRIP,CPA+Witness,0.011124524685835292,0.6925619250674767,0.011124524685835292,0.9150019912198767
41,1,FDPS+AHCYL1,CPA+Witness,0.012804614354326713,0.6554011332567046,0.012804614354326713,0.8890619860675819
41,1,FDPS+RAD9A,CPA+Witness,0.009746152688902042,0.7287253318278678,0.009746152688902044,0.9220770549645236
41,1,FDPS+LIG4,CPA+Witness,0.010424687546773408,0.6646164897718807,0.010424687546773408,0.9116742973821622
41,1,FDPS+ATR,CPA+Witness,0.013893993496305771,0.6424148948906909,0.01389399349630577,0.9002708606820728
41,1,FDPS+NHEJ1,CPA+Witness,0.01025944024481444,0.6850746255730836,0.01025944024481444,0.911842845148299
41,1,FDPS+XRCC6,CPA+Witness,0.016507669232469036,0.6260846479471174,0.016507669232469036,0.910415430368206
41,1,FDPS+PRKDC,CPA+Witness,0.012090105444938534,0.6517727625683111,0.012090105444938536,0.8978986426933766
41,1,RRM2B+FDPS,WitnessCell,0.009968784752722233,0.6593113892328647,0.009968784752722233,0.9193680631834764
41,1,XRCC5+FDPS,WitnessCell,0.01449648697819905,0.661296771203002,0.01449648697819905,0.9115818335749756
41,1,RAD1+FDPS,WitnessCell,0.009989047481178145,0.6937807510829143,0.009989047481178145,0.9065053149796916
41,1,ATM+FDPS,WitnessCell,0.014560700375261717,0.611902177770779,0.014560700375261717,0.8856028473242
41,1,CHEK1+FDPS,WitnessCell,0.01676329052615214,0.6018105108437114,0.01676329052615214,0.8551660685837603
41,1,RAD17+FDPS,WitnessCell,0.007890820543890167,0.7229059869447494,0.007890820543890167,0.9338804787220857
41,1,FDPS+ATRIP,WitnessCell,0.011143579739271601,0.6914841224998391,0.011143579739271601,0.9147698707322147
41,1,FDPS+AHCYL1,WitnessCell,0.012920146913875715,0.6498226467831487,0.012920146913875715,0.8886494660318497
41,1,FDPS+RAD9A,WitnessCell,0.009691290711843216,0.730593602038327,0.009691290711843216,0.922322095243283
41,1,FDPS+LIG4,WitnessCell,0.010390381438740387,0.6660160362842613,0.010390381438740387,0.9116893874139025
41,1,FDPS+ATR,WitnessCell,0.014104544796005702,0.6329520819291673,0.014104544796005702,0.9004238958503031
41,1,FDPS+NHEJ1,WitnessCell,0.010314474694527008,0.6823117195053401,0.010314474694527008,0.9113470936547202
41,1,FDPS+XRCC6,WitnessCell,0.0163999047521058,0.6301482447962061,0.0163999047521058,0.9106230665041998
41,1,FDPS+PRKDC,WitnessCell,0.012184763589847925,0.6472994622167252,0.012184763589847925,0.8972206003830759
41,2,RRM2B+FDPS,Saturation,0.01744351051998559,0.0,0.01744351051998559,0.849677924513651
41,2,XRCC5+FDPS,Saturation,0.024487592808431696,0.0,0.024487592808431696,0.8508304410856926
41,2,RAD1+FDPS,Saturation,0.018633629901425194,0.0,0.018633629901425194,0.8291152901460594
41,2,ATM+FDPS,Saturation,0.022874045985658186,0.0,0.022874045985658186,0.809877266568782
41,2,CHEK1+FDPS,Saturation,0.025671669223700653,0.0,0.025671669223700653,0.7787534321978196
41,2,RAD17+FDPS,Saturation,0.0160619722966756,0.0,0.0160619722966756,0.8622691459323629
41,2,FDPS+ATRIP,Saturation,0.020417147667066787,0.0,0.020417147667066787,0.8438328526236187
41,2,FDPS+AHCYL1,Saturation,0.02173207512311204,0.0,0.02173207512311204,0.8179676645519923
41,2,FDPS+RAD9A,Saturation,0.019430239323939797,0.0,0.019430239323939797,0.842232009608706
41,2,FDPS+LIG4,Saturation,0.01834530976444704,0.0,0.01834530976444704,0.8404457261057947
41,2,FDPS+ATR,Saturation,0.022921418086155745,0.0,0.022921418086155745,0.8429993604566297
41,2,FDPS+NHEJ1,Saturation,0.018771775862833826,0.0,0.018771775862833826,0.8402330038539817
41,2,FDPS+XRCC6,Saturation,0.02614763085593524,0.0,0.02614763085593524,0.8528878719590828
41,2,FDPS+PRKDC,Saturation,0.020528578888414535,0.0,0.020528578888414535,0.828428021195217
41,2,RRM2B+FDPS,GEARS,0.03682454420761613,0.34400935804578714,0.03682454420761613,0.7460296620333832
41,2,XRCC5+FDPS,GEARS,0.0506314171638459,0.29836350500513187,0.0506314171638459,0.7039617725408416
41,2,RAD1+FDPS,GEARS,0.03782431781927913,0.3322901130886059,0.03782431781927913,0.7455847025251782
41,2,ATM+FDPS,GEARS,0.05107121848739608,0.32100994343890626,0.05107121848739608,0.6254344355014526
41,2,CHEK1+FDPS,GEARS,0.040017290307943224,0.39906118934834156,0.040017290307943224,0.7139142110076234
41,2,RAD17+FDPS,GEARS,0.04553265065742019,0.28465459065812404,0.04553265065742019,0.661550404403964
41,2,FDPS+ATRIP,GEARS,0.04209040633282551,0.3666444421144643,0.04209040633282551,0.7191768992788146
41,2,FDPS+AHCYL1,GEARS,0.036013248132966455,0.3648512032808058,0.036013248132966455,0.7499411373628798
41,2,FDPS+RAD9A,GEARS,0.041697300905644386,0.333805111740894,0.041697300905644386,0.7088900505825677
41,2,FDPS+LIG4,GEARS,0.03677781275169487,0.4001554694858865,0.03677781275169487,0.7595532516624557
41,2,FDPS+ATR,GEARS,0.041011706332463246,0.4958649198788535,0.041011706332463246,0.6763761753772219
41,2,FDPS+NHEJ1,GEARS,0.03721627044059361,0.3007316173742423,0.03721627044059361,0.7577176003718464
41,2,FDPS+XRCC6,GEARS,0.055771858568436354,0.24553914749779018,0.055771858568436354,0.6820564256486314
41,2,FDPS+PRKDC,GEARS,0.037634263309962335,0.378725160194393,0.037634263309962335,0.73599298233806
41,2,RRM2B+FDPS,CPA,0.18584290515469945,0.0844631463448345,0.18584290515469945,0.10464859380124433
41,2,XRCC5+FDPS,CPA,0.2506066998888342,0.044108491679392785,0.2506066998888342,-0.011913441736861471
41,2,RAD1+FDPS,CPA,0.19971286741247657,0.13571630131115303,0.19971286741247657,0.04694833310956465
41,2,ATM+FDPS,CPA,0.22343358968367938,-0.0053702191865203945,0.22343358968367938,-0.007911837388368394
41,2,CHEK1+FDPS,CPA,0.19034893371988093,0.04064368087278629,0.19034893371988093,0.05619849872840763
41,2,RAD17+FDPS,CPA,0.2082666007322041,0.06943426067558882,0.2082666007322041,-0.011316352511749284
41,2,FDPS+ATRIP,CPA,0.21085745094761357,0.11116638365731542,0.21085745094761357,0.024927308683768284
41,2,FDPS+AHCYL1,CPA,0.1982443541133224,0.24222920839010004,0.1982443541133224,0.026246050477393687
41,2,FDPS+RAD9A,CPA,0.17977018325561672,0.10531067818566082,0.17977018325561672,0.13803220627468343
41,2,FDPS+LIG4,CPA,0.2205239004580964,0.04254799668829223,0.2205239004580964,0.03429659002754109
41,2,FDPS+ATR,CPA,0.21690895765960955,0.30563440524494395,0.21690895765960955,0.014559726232563132
41,2,FDPS+NHEJ1,CPA,0.2111542425635256,0.11308427916952928,0.2111542425635256,0.014182910913108821
41,2,FDPS+XRCC6,CPA,0.2659377067845063,-0.02615407143014663,0.2659377067845063,0.035777766574050754
41,2,FDPS+PRKDC,CPA,0.2085728214977168,0.20706425337715587,0.2085728214977168,0.060551149401319275
41,2,RRM2B+FDPS,GEARS+Witness,0.009996930023418695,0.6558285395317343,0.009996930023418695,0.9185749912642561
41,2,XRCC5+FDPS,GEARS+Witness,0.014596421106737381,0.6512872486445055,0.014596421106737381,0.9109357989166476
41,2,RAD1+FDPS,GEARS+Witness,0.009789581554460568,0.702798738086904,0.009789581554460568,0.9085453770695671
41,2,ATM+FDPS,GEARS+Witness,0.014627010064474597,0.6042117114620861,0.014627010064474595,0.885669541969904
41,2,CHEK1+FDPS,GEARS+Witness,0.016208114796363412,0.6202364216029694,0.016208114796363412,0.8602679831234233
41,2,RAD17+FDPS,GEARS+Witness,0.008310656054640243,0.6978445709327683,0.00831065605464024,0.9303608468623208
41,2,FDPS+ATRIP,GEARS+Witness,0.011125391683731898,0.6859569254819579,0.011125391683731898,0.9149470316554601
41,2,FDPS+AHCYL1,GEARS+Witness,0.012647914562052321,0.6598588146218005,0.012647914562052321,0.8909443416638141
41,2,FDPS+RAD9A,GEARS+Witness,0.009775385442925883,0.7216829213922434,0.009775385442925883,0.9217264168617885
41,2,FDPS+LIG4,GEARS+Witness,0.010187858703729895,0.6720082529218057,0.010187858703729895,0.9132961935701109
41,2,FDPS+ATR,GEARS+Witness,0.012666007901020742,0.6910041050643638,0.012666007901020742,0.9053434141384473
41,2,FDPS+NHEJ1,GEARS+Witness,0.010469165017084696,0.6729547022751099,0.010469165017084696,0.9100383112441561
41,2,FDPS+XRCC6,GEARS+Witness,0.01668382992313262,0.6141132387641879,0.01668382992313262,0.9097386863382955
41,2,FDPS+PRKDC,GEARS+Witness,0.012073698226550588,0.6481572525484772,0.01207369822655059,0.898169283442303
41,2,RRM2B+FDPS,CPA+Witness,0.010010792412893786,0.6574053960599483,0.010010792412893786,0.9200961725013791
41,2,XRCC5+FDPS,CPA+Witness,0.014617918106057915,0.6567504403695561,0.014617918106057918,0.910820563881102
41,2,RAD1+FDPS,CPA+Witness,0.00991417244044505,0.6978432410337366,0.00991417244044505,0.9070075488967353
41,2,ATM+FDPS,CPA+Witness,0.014805323581696063,0.6014404688739966,0.014805323581696065,0.8845661089847345
41,2,CHEK1+FDPS,CPA+Witness,0.016900419216814525,0.5964704898071278,0.016900419216814525,0.8537480295034877
41,2,RAD17+FDPS,CPA+Witness,0.007977541680459794,0.7186280427785812,0.007977541680459794,0.933826077647572
41,2,FDPS+ATRIP,CPA+Witness,0.01112641675562049,0.6926732159723934,0.011126416755620492,0.9150820369504975
41,2,FDPS+AHCYL1,CPA+Witness,0.01258028019727677,0.6652603738103111,0.01258028019727677,0.8905706276318656
41,2,FDPS+RAD9A,CPA+Witness,0.009728922015448806,0.7291527122339014,0.009728922015448808,0.9224324465317081
41,2,FDPS+LIG4,CPA+Witness,0.010505992571174428,0.6607034431372525,0.010505992571174428,0.9112360575328255
41,2,FDPS+ATR,CPA+Witness,0.013523812662559954,0.6587233832208783,0.013523812662559954,0.9012008062156449
41,2,FDPS+NHEJ1,CPA+Witness,0.010284979348789058,0.6840765232662334,0.010284979348789058,0.9116735051039405
41,2,FDPS+XRCC6,CPA+Witness,0.01667930479013424,0.6196050704931463,0.01667930479013424,0.9096046551651367
41,2,FDPS+PRKDC,CPA+Witness,0.011915469959526064,0.6599982796198958,0.011915469959526064,0.8993974401865444
41,2,RRM2B+FDPS,WitnessCell,0.009968784752722233,0.6593113892328647,0.009968784752722233,0.9193680631834764
41,2,XRCC5+FDPS,WitnessCell,0.01449648697819905,0.661296771203002,0.01449648697819905,0.9115818335749756
41,2,RAD1+FDPS,WitnessCell,0.009989047481178145,0.6937807510829143,0.009989047481178145,0.9065053149796916
41,2,ATM+FDPS,WitnessCell,0.014560700375261717,0.611902177770779,0.014560700375261717,0.8856028473242
41,2,CHEK1+FDPS,WitnessCell,0.01676329052615214,0.6018105108437114,0.01676329052615214,0.8551660685837603
41,2,RAD17+FDPS,WitnessCell,0.007890820543890167,0.7229059869447494,0.007890820543890167,0.9338804787220857
41,2,FDPS+ATRIP,WitnessCell,0.011143579739271601,0.6914841224998391,0.011143579739271601,0.9147698707322147
41,2,FDPS+AHCYL1,WitnessCell,0.012920146913875715,0.6498226467831487,0.012920146913875715,0.8886494660318497
41,2,FDPS+RAD9A,WitnessCell,0.009691290711843216,0.730593602038327,0.009691290711843216,0.922322095243283
41,2,FDPS+LIG4,WitnessCell,0.010390381438740387,0.6660160362842613,0.010390381438740387,0.9116893874139025
41,2,FDPS+ATR,WitnessCell,0.014104544796005702,0.6329520819291673,0.014104544796005702,0.9004238958503031
41,2,FDPS+NHEJ1,WitnessCell,0.010314474694527008,0.6823117195053401,0.010314474694527008,0.9113470936547202
41,2,FDPS+XRCC6,WitnessCell,0.0163999047521058,0.6301482447962061,0.0163999047521058,0.9106230665041998
41,2,FDPS+PRKDC,WitnessCell,0.012184763589847925,0.6472994622167252,0.012184763589847925,0.8972206003830759
47,0,RRM2B+FDPS,Saturation,0.019099106515349646,0.0,0.019099106515349646,0.8379787991817242
47,0,XRCC5+FDPS,Saturation,0.026457779375028127,0.0,0.026457779375028127,0.852158386974296
47,0,RAD1+FDPS,Saturation,0.01912188374578493,0.0,0.01912188374578493,0.8253792514657395
47,0,ATM+FDPS,Saturation,0.021282811180998153,0.0,0.021282811180998153,0.8188499370270179
47,0,CHEK1+FDPS,Saturation,0.02131037071483663,0.0,0.02131037071483663,0.8106143945026711
47,0,RAD17+FDPS,Saturation,0.01728048994882924,0.0,0.01728048994882924,0.8529069774721131
47,0,FDPS+ATRIP,Saturation,0.019520652377761558,0.0,0.019520652377761558,0.8472614248614273
47,0,FDPS+AHCYL1,Saturation,0.022969562561293465,0.0,0.022969562561293465,0.8061531534056268
47,0,FDPS+RAD9A,Saturation,0.019115431220946683,0.0,0.019115431220946683,0.8393586293460562
47,0,FDPS+LIG4,Saturation,0.018618010892437857,0.0,0.018618010892437857,0.830505175973893
47,0,FDPS+ATR,Saturation,0.022356808905935558,0.0,0.022356808905935558,0.8366772393181772
47,0,FDPS+NHEJ1,Saturation,0.020608408706923032,0.0,0.020608408706923032,0.8164982292297625
47,0,FDPS+XRCC6,Saturation,0.02507479961109441,0.0,0.02507479961109441,0.8575282488959343
47,0,FDPS+PRKDC,Saturation,0.020499453788943845,0.0,0.020499453788943845,0.8316815906476429
47,0,RRM2B+FDPS,GEARS,0.04177281311815155,0.26473639006830163,0.04177281311815155,0.7003305494227107
47,0,XRCC5+FDPS,GEARS,0.04741370692942855,0.4801588898996589,0.04741370692942855,0.7539109208002688
47,0,RAD1+FDPS,GEARS,0.04391394823337444,0.3549674313251098,0.04391394823337444,0.6720483937947132
47,0,ATM+FDPS,GEARS,0.042843989684755876,0.33681698532313864,0.042843989684755876,0.7286252458447138
47,0,CHEK1+FDPS,GEARS,0.035772021452764854,0.4318683811310156,0.035772021452764854,0.7647380649372033
47,0,RAD17+FDPS,GEARS,0.03730584658500428,0.3643200034224617,0.03730584658500428,0.7478318755734102
47,0,FDPS+ATRIP,GEARS,0.04045950650165784,0.35840977782109146,0.04045950650165784,0.7855915531469918
47,0,FDPS+AHCYL1,GEARS,0.04086470841448512,0.2696743781522672,0.04086470841448512,0.7271214714441938
47,0,FDPS+RAD9A,GEARS,0.036915322644408576,0.37040535690043364,0.036915322644408576,0.732639710913145
47,0,FDPS+LIG4,GEARS,0.034759393469519895,0.4154056502145256,0.034759393469519895,0.7402097742070153
47,0,FDPS+ATR,GEARS,0.031058841889915235,0.5244347147882864,0.031058841889915235,0.7891552067250692
47,0,FDPS+NHEJ1,GEARS,0.03765037984150101,0.3682943543428511,0.03765037984150101,0.7393367101838383
47,0,FDPS+XRCC6,GEARS,0.053443243925430005,0.37874888586287625,0.053443243925430005,0.7200071719828918
47,0,FDPS+PRKDC,GEARS,0.045065611827429554,0.30572895852750487,0.045065611827429554,0.7079096159532378
47,0,RRM2B+FDPS,CPA,0.18753145757601333,0.1559668272517838,0.18753145757601333,0.15655524128240766
47,0,XRCC5+FDPS,CPA,0.2227321215323243,0.31183237468899366,0.2227321215323243,0.020142488314942187
47,0,RAD1+FDPS,CPA,0.18891296718034328,0.17579525174778263,0.18891296718034328,0.11517763706453549
47,0,ATM+FDPS,CPA,0.18442121788697255,0.12921182300196327,0.18442121788697255,0.21489157117834431
47,0,CHEK1+FDPS,CPA,0.18248764841321105,0.18535230665774,0.18248764841321105,0.13449955052218682
47,0,RAD17+FDPS,CPA,0.19054316193108403,0.1651108974892534,0.19054316193108403,0.07944389049291145
47,0,FDPS+ATRIP,CPA,0.18123110209758284,0.19952791266061717,0.18123110209758284,0.1453013732714816
47,0,FDPS+AHCYL1,CPA,0.1889277618458704,0.20450445176214924,0.1889277618458704,0.10217790123451556
47,0,FDPS+RAD9A,CPA,0.1825597223359087,0.16431858369177266,0.1825597223359087,0.12055274516771314
47,0,FDPS+LIG4,CPA,0.1773245628187166,0.17444655655830993,0.1773245628187166,0.13988626423878336
47,0,FDPS+ATR,CPA,0.17625966667131135,0.24651510295533205,0.17625966667131135,0.15932406286000791
47,0,FDPS+NHEJ1,CPA,0.18928494115726582,0.20925809255419686,0.18928494115726582,0.12065960868703943
47,0,FDPS+XRCC6,CPA,0.21324581519954594,0.18896994871922138,0.21324581519954594,0.1144701477717412
47,0,FDPS+PRKDC,CPA,0.19985053386512336,0.1647882039315618,0.19985053386512336,0.07173568763118192
47,0,RRM2B+FDPS,GEARS+Witness,0.01179397159844739,0.6184568977613689,0.01179397159844739,0.9069308208708738
47,0,XRCC5+FDPS,GEARS+Witness,0.015443171509901588,0.6537813702405467,0.015443171509901588,0.9089728212553879
47,0,RAD1+FDPS,GEARS+Witness,0.009471855812539242,0.7155799254379733,0.009471855812539242,0.9115634096683352
47,0,ATM+FDPS,GEARS+Witness,0.012366980574382574,0.6495957054319246,0.012366980574382574,0.8995671997451856
47,0,CHEK1+FDPS,GEARS+Witness,0.011849749351987654,0.670492071315344,0.011849749351987654,0.8933138941269702
47,0,RAD17+FDPS,GEARS+Witness,0.009471925805357698,0.672216958272178,0.009471925805357698,0.9184242704275469
47,0,FDPS+ATRIP,GEARS+Witness,0.010283147016248623,0.690614342895083,0.010283147016248622,0.9165821589877396
47,0,FDPS+AHCYL1,GEARS+Witness,0.013826111941304158,0.6353907455488194,0.01382611194130416,0.8792673884907185
47,0,FDPS+RAD9A,GEARS+Witness,0.009109126056227313,0.7307023143673376,0.009109126056227313,0.9221607875342283
47,0,FDPS+LIG4,GEARS+Witness,0.010112518194737968,0.6766822456296275,0.010112518194737968,0.9077240354171691
47,0,FDPS+ATR,GEARS+Witness,0.01176695960361376,0.6985015670745502,0.01176695960361376,0.9074469072517377
47,0,FDPS+NHEJ1,GEARS+Witness,0.011265042387109356,0.677394193686875,0.011265042387109354,0.895364988339876
47,0,FDPS+XRCC6,GEARS+Witness,0.01463683441995762,0.6540055072350793,0.01463683441995762,0.9143884663005925
47,0,FDPS+PRKDC,GEARS+Witness,0.0116280457278101,0.6605565837651596,0.0116280457278101,0.905446265267928
47,0,RRM2B+FDPS,CPA+Witness,0.011819741238802584,0.6174556325172539,0.011819741238802584,0.9086014631264456
47,0,XRCC5+FDPS,CPA+Witness,0.016075701094102935,0.6343732134809035,0.016075701094102935,0.9041518578061337
47,0,RAD1+FDPS,CPA+Witness,0.009720809314783764,0.7053170299993927,0.009720809314783764,0.9091565618816597
47,0,ATM+FDPS,CPA+Witness,0.012697332209377545,0.6366285178579415,0.012697332209377545,0.8982237613122728
47,0,CHEK1+FDPS,CPA+Witness,0.012449931154557918,0.6469225066559067,0.01244993115455792,0.8875035358568812
47,0,RAD17+FDPS,CPA+Witness,0.009319777101522776,0.6790676272477528,0.009319777101522778,0.9200940971789987
47,0,FDPS+ATRIP,CPA+Witness,0.010172734777061647,0.6963212837248756,0.010172734777061647,0.9155095330600708
47,0,FDPS+AHCYL1,CPA+Witness,0.013671851464132842,0.6399762212472259,0.013671851464132842,0.8791551896421979
47,0,FDPS+RAD9A,CPA+Witness,0.009277603689048166,0.7237492572000127,0.009277603689048165,0.9209008940166424
47,0,FDPS+LIG4,CPA+Witness,0.010372287499239602,0.666233410044987,0.010372287499239602,0.9055660896268961
47,0,FDPS+ATR,CPA+Witness,0.01269683527512468,0.6626728289989159,0.01269683527512468,0.8988200206390371
47,0,FDPS+NHEJ1,CPA+Witness,0.01144761276473599,0.6697232889976914,0.01144761276473599,0.8925949779169775
47,0,FDPS+XRCC6,CPA+Witness,0.015417110953010899,0.6255917344320285,0.0154171109530109,0.9095739699330692
47,0,FDPS+PRKDC,CPA+Witness,0.01174222610750424,0.6556956873838209,0.01174222610750424,0.9051580309253583
47,0,RRM2B+FDPS,WitnessCell,0.01176453801443634,0.6197021295302715,0.01176453801443634,0.9073736594479465
47,0,XRCC5+FDPS,WitnessCell,0.01675171845191547,0.6113644519231234,0.01675171845191547,0.9028502025737775
47,0,RAD1+FDPS,WitnessCell,0.00965009510241655,0.709277532291971,0.00965009510241655,0.9098589897979295
47,0,ATM+FDPS,WitnessCell,0.012589826997713376,0.6412386751322731,0.012589826997713376,0.8982439938607313
47,0,CHEK1+FDPS,WitnessCell,0.01247336856831587,0.6465652289542811,0.01247336856831587,0.8873310597891025
47,0,RAD17+FDPS,WitnessCell,0.009320261225018545,0.6791938093922487,0.009320261225018545,0.9197899606218747
47,0,FDPS+ATRIP,WitnessCell,0.010264403600820725,0.6930177426479895,0.010264403600820725,0.915874183573084
47,0,FDPS+AHCYL1,WitnessCell,0.013842551268497793,0.6339113816154602,0.013842551268497793,0.8789081120987373
47,0,FDPS+RAD9A,WitnessCell,0.009172914890558591,0.7292110812672661,0.009172914890558591,0.92155290351041
47,0,FDPS+LIG4,WitnessCell,0.010361584080115466,0.6669754711079596,0.010361584080115466,0.9053042245651417
47,0,FDPS+ATR,WitnessCell,0.012972606000229548,0.6525499630430033,0.012972606000229548,0.8998959684365234
47,0,FDPS+NHEJ1,WitnessCell,0.011507158449688394,0.6681969033369798,0.011507158449688394,0.8929694411601968
47,0,FDPS+XRCC6,WitnessCell,0.015579754593985185,0.6202427258311579,0.015579754593985185,0.9095098175852934
47,0,FDPS+PRKDC,WitnessCell,0.011790270310476655,0.6540342618659124,0.011790270310476655,0.9040334519781971
47,1,RRM2B+FDPS,Saturation,0.019099106515349646,0.0,0.019099106515349646,0.8379787991817242
47,1,XRCC5+FDPS,Saturation,0.026457779375028127,0.0,0.026457779375028127,0.852158386974296
47,1,RAD1+FDPS,Saturation,0.01912188374578493,0.0,0.01912188374578493,0.8253792514657395
47,1,ATM+FDPS,Saturation,0.021282811180998153,0.0,0.021282811180998153,0.8188499370270179
47,1,CHEK1+FDPS,Saturation,0.02131037071483663,0.0,0.02131037071483663,0.8106143945026711
47,1,RAD17+FDPS,Saturation,0.01728048994882924,0.0,0.01728048994882924,0.8529069774721131
47,1,FDPS+ATRIP,Saturation,0.019520652377761558,0.0,0.019520652377761558,0.8472614248614273
47,1,FDPS+AHCYL1,Saturation,0.022969562561293465,0.0,0.022969562561293465,0.8061531534056268
47,1,FDPS+RAD9A,Saturation,0.019115431220946683,0.0,0.019115431220946683,0.8393586293460562
47,1,FDPS+LIG4,Saturation,0.018618010892437857,0.0,0.018618010892437857,0.830505175973893
47,1,FDPS+ATR,Saturation,0.022356808905935558,0.0,0.022356808905935558,0.8366772393181772
47,1,FDPS+NHEJ1,Saturation,0.020608408706923032,0.0,0.020608408706923032,0.8164982292297625
47,1,FDPS+XRCC6,Saturation,0.02507479961109441,0.0,0.02507479961109441,0.8575282488959343
47,1,FDPS+PRKDC,Saturation,0.020499453788943845,0.0,0.020499453788943845,0.8316815906476429
47,1,RRM2B+FDPS,GEARS,0.04363953322044521,0.20769560874575613,0.04363953322044521,0.6778926018091634
47,1,XRCC5+FDPS,GEARS,0.040766315021236725,0.4583035791102147,0.040766315021236725,0.7692040335418547
47,1,RAD1+FDPS,GEARS,0.0437241373909792,0.31033245364427087,0.0437241373909792,0.6708380450260232
47,1,ATM+FDPS,GEARS,0.03742211420928666,0.30793000347662713,0.03742211420928666,0.764170579228178
47,1,CHEK1+FDPS,GEARS,0.038244067444789025,0.38908543484474084,0.038244067444789025,0.7437001327473611
47,1,RAD17+FDPS,GEARS,0.038082884835051324,0.32853941034251133,0.038082884835051324,0.749307417482353
47,1,FDPS+ATRIP,GEARS,0.039926614369908284,0.3485806125702817,0.039926614369908284,0.7614459094234951
47,1,FDPS+AHCYL1,GEARS,0.041519374396300976,0.24524974282287035,0.041519374396300976,0.7109381580988601
47,1,FDPS+RAD9A,GEARS,0.03397641193397238,0.3709734143005998,0.03397641193397238,0.7557601668749805
47,1,FDPS+LIG4,GEARS,0.035255231575464174,0.4185169102564261,0.035255231575464174,0.7403138580994644
47,1,FDPS+ATR,GEARS,0.032768009550188375,0.514103441999221,0.032768009550188375,0.7579669896318736
47,1,FDPS+NHEJ1,GEARS,0.036952459631765036,0.3490805900029518,0.036952459631765036,0.7478668305446301
47,1,FDPS+XRCC6,GEARS,0.04922249044790738,0.3447811271559653,0.04922249044790738,0.723539399290343
47,1,FDPS+PRKDC,GEARS,0.041727591539076306,0.2842964729580279,0.041727591539076306,0.6998657985473365
47,1,RRM2B+FDPS,CPA,0.1956682967326532,0.086170294014802,0.1956682967326532,0.12721299891844792
47,1,XRCC5+FDPS,CPA,0.22744470036426545,0.25891013634730686,0.22744470036426545,0.026712946795155543
47,1,RAD1+FDPS,CPA,0.1892747723218876,0.0907571252569,0.1892747723218876,0.0710888887401322
47,1,ATM+FDPS,CPA,0.1844980640277328,0.09847638500314189,0.1844980640277328,0.14050966348465457
47,1,CHEK1+FDPS,CPA,0.17350179824820777,0.14409457280988824,0.17350179824820777,0.17242918986385888
47,1,RAD17+FDPS,CPA,0.18757424141158285,0.15226645331478195,0.18757424141158285,0.09401731083628258
47,1,FDPS+ATRIP,CPA,0.196818732651349,0.21367966654533785,0.196818732651349,0.07760109857323168
47,1,FDPS+AHCYL1,CPA,0.18987899813275413,0.19414455818847584,0.18987899813275413,0.10947907801797732
47,1,FDPS+RAD9A,CPA,0.18048412521761192,0.12549144638123244,0.18048412521761192,0.17216826196185217
47,1,FDPS+LIG4,CPA,0.17848910153987532,0.11085490257689834,0.17848910153987532,0.1375266151770021
47,1,FDPS+ATR,CPA,0.1837577639162365,0.22223788638404754,0.1837577639162365,0.14544211257604917
47,1,FDPS+NHEJ1,CPA,0.17850161750612165,0.19028158066111323,0.17850161750612165,0.12351447474404015
47,1,FDPS+XRCC6,CPA,0.21987962363966979,0.18376542552394742,0.21987962363966979,0.061885777972350335
47,1,FDPS+PRKDC,CPA,0.1939707244065672,0.14694985103117322,0.1939707244065672,0.09083152502074658
47,1,RRM2B+FDPS,GEARS+Witness,0.011881517645378469,0.6147386229472788,0.011881517645378469,0.9064393539394082
47,1,XRCC5+FDPS,GEARS+Witness,0.015695708561602264,0.6480633455192243,0.015695708561602267,0.9074194658079042
47,1,RAD1+FDPS,GEARS+Witness,0.009559295949688846,0.7132772677267318,0.009559295949688846,0.91070814877001
47,1,ATM+FDPS,GEARS+Witness,0.012468001594538657,0.6465732924595864,0.012468001594538657,0.8984059720308535
47,1,CHEK1+FDPS,GEARS+Witness,0.012051237979134006,0.6629881578806228,0.012051237979134004,0.8913809394245833
47,1,RAD17+FDPS,GEARS+Witness,0.009506701788987508,0.6707281869137612,0.009506701788987508,0.9181171860235863
47,1,FDPS+ATRIP,GEARS+Witness,0.010182456059630465,0.6956931699048274,0.010182456059630467,0.9167216949366644
47,1,FDPS+AHCYL1,GEARS+Witness,0.013960994323589347,0.6299871341339031,0.013960994323589347,0.8778824487465877
47,1,FDPS+RAD9A,GEARS+Witness,0.009196988088440022,0.7272046356771635,0.009196988088440022,0.9213345998848819
47,1,FDPS+LIG4,GEARS+Witness,0.010191554787075237,0.6733129126040346,0.010191554787075237,0.9069394720025212
47,1,FDPS+ATR,GEARS+Witness,0.011871386854218575,0.6948964333650499,0.011871386854218575,0.9058711138433524
47,1,FDPS+NHEJ1,GEARS+Witness,0.011349218677684129,0.6744737993654845,0.011349218677684129,0.8946778600615767
47,1,FDPS+XRCC6,GEARS+Witness,0.014864798393659751,0.6476524379800099,0.014864798393659751,0.9129977315195781
47,1,FDPS+PRKDC,GEARS+Witness,0.011673301869356681,0.6594422408289021,0.011673301869356681,0.9052041448591011
47,1,RRM2B+FDPS,CPA+Witness,0.011833292931815407,0.6168010876921973,0.011833292931815403,0.9081572442014801
47,1,XRCC5+FDPS,CPA+Witness,0.016276550095837228,0.6283046222169613,0.016276550095837228,0.9035386132602724
47,1,RAD1+FDPS,CPA+Witness,0.009758533753767057,0.7047947463831719,0.009758533753767057,0.908765067589265
47,1,ATM+FDPS,CPA+Witness,0.012697334103584009,0.6368629269728054,0.012697334103584009,0.8982693930026027
47,1,CHEK1+FDPS,CPA+Witness,0.012447305739747642,0.6476209882482088,0.012447305739747642,0.887510440345342
47,1,RAD17+FDPS,CPA+Witness,0.009306500318187543,0.6797581052016604,0.009306500318187543,0.9201019908921028
47,1,FDPS+ATRIP,CPA+Witness,0.010090913553904216,0.7000615000875885,0.010090913553904216,0.9162503652378121
47,1,FDPS+AHCYL1,CPA+Witness,0.01361616142916573,0.6428190190846174,0.01361616142916573,0.8798700490160943
47,1,FDPS+RAD9A,CPA+Witness,0.009243529927291522,0.7261282820098872,0.009243529927291522,0.9210792595887765
47,1,FDPS+LIG4,CPA+Witness,0.010422775924557499,0.6643653005919309,0.010422775924557499,0.9049460526042754
47,1,FDPS+ATR,CPA+Witness,0.012728964594522814,0.6620375270707053,0.012728964594522814,0.8991682237019739
47,1,FDPS+NHEJ1,CPA+Witness,0.011386330744282977,0.6730269910020907,0.011386330744282976,0.8933240298763057
47,1,FDPS+XRCC6,CPA+Witness,0.01540536573041392,0.6264533935001592,0.015405365730413918,0.9097397964071258
47,1,FDPS+PRKDC,CPA+Witness,0.011773750792094783,0.6545963282042248,0.011773750792094783,0.9046436174072237
47,1,RRM2B+FDPS,WitnessCell,0.01176453801443634,0.6197021295302715,0.01176453801443634,0.9073736594479465
47,1,XRCC5+FDPS,WitnessCell,0.01675171845191547,0.6113644519231234,0.01675171845191547,0.9028502025737775
47,1,RAD1+FDPS,WitnessCell,0.00965009510241655,0.709277532291971,0.00965009510241655,0.9098589897979295
47,1,ATM+FDPS,WitnessCell,0.012589826997713376,0.6412386751322731,0.012589826997713376,0.8982439938607313
47,1,CHEK1+FDPS,WitnessCell,0.01247336856831587,0.6465652289542811,0.01247336856831587,0.8873310597891025
47,1,RAD17+FDPS,WitnessCell,0.009320261225018545,0.6791938093922487,0.009320261225018545,0.9197899606218747
47,1,FDPS+ATRIP,WitnessCell,0.010264403600820725,0.6930177426479895,0.010264403600820725,0.915874183573084
47,1,FDPS+AHCYL1,WitnessCell,0.013842551268497793,0.6339113816154602,0.013842551268497793,0.8789081120987373
47,1,FDPS+RAD9A,WitnessCell,0.009172914890558591,0.7292110812672661,0.009172914890558591,0.92155290351041
47,1,FDPS+LIG4,WitnessCell,0.010361584080115466,0.6669754711079596,0.010361584080115466,0.9053042245651417
47,1,FDPS+ATR,WitnessCell,0.012972606000229548,0.6525499630430033,0.012972606000229548,0.8998959684365234
47,1,FDPS+NHEJ1,WitnessCell,0.011507158449688394,0.6681969033369798,0.011507158449688394,0.8929694411601968
47,1,FDPS+XRCC6,WitnessCell,0.015579754593985185,0.6202427258311579,0.015579754593985185,0.9095098175852934
47,1,FDPS+PRKDC,WitnessCell,0.011790270310476655,0.6540342618659124,0.011790270310476655,0.9040334519781971
47,2,RRM2B+FDPS,Saturation,0.019099106515349646,0.0,0.019099106515349646,0.8379787991817242
47,2,XRCC5+FDPS,Saturation,0.026457779375028127,0.0,0.026457779375028127,0.852158386974296
47,2,RAD1+FDPS,Saturation,0.01912188374578493,0.0,0.01912188374578493,0.8253792514657395
47,2,ATM+FDPS,Saturation,0.021282811180998153,0.0,0.021282811180998153,0.8188499370270179
47,2,CHEK1+FDPS,Saturation,0.02131037071483663,0.0,0.02131037071483663,0.8106143945026711
47,2,RAD17+FDPS,Saturation,0.01728048994882924,0.0,0.01728048994882924,0.8529069774721131
47,2,FDPS+ATRIP,Saturation,0.019520652377761558,0.0,0.019520652377761558,0.8472614248614273
47,2,FDPS+AHCYL1,Saturation,0.022969562561293465,0.0,0.022969562561293465,0.8061531534056268
47,2,FDPS+RAD9A,Saturation,0.019115431220946683,0.0,0.019115431220946683,0.8393586293460562
47,2,FDPS+LIG4,Saturation,0.018618010892437857,0.0,0.018618010892437857,0.830505175973893
47,2,FDPS+ATR,Saturation,0.022356808905935558,0.0,0.022356808905935558,0.8366772393181772
47,2,FDPS+NHEJ1,Saturation,0.020608408706923032,0.0,0.020608408706923032,0.8164982292297625
47,2,FDPS+XRCC6,Saturation,0.02507479961109441,0.0,0.02507479961109441,0.8575282488959343
47,2,FDPS+PRKDC,Saturation,0.020499453788943845,0.0,0.020499453788943845,0.8316815906476429
47,2,RRM2B+FDPS,GEARS,0.042490395664431135,0.2513704402884024,0.042490395664431135,0.6929167111205983
47,2,XRCC5+FDPS,GEARS,0.04770606899465004,0.49018481051370466,0.04770606899465004,0.7271834912223607
47,2,RAD1+FDPS,GEARS,0.04670381430566616,0.3229897004981634,0.04670381430566616,0.6758748954504153
47,2,ATM+FDPS,GEARS,0.0424115215445596,0.33565778904679466,0.0424115215445596,0.7219740101951119
47,2,CHEK1+FDPS,GEARS,0.04019053167533655,0.40291374593438883,0.04019053167533655,0.7263286794995454
47,2,RAD17+FDPS,GEARS,0.039049446926961315,0.31602558385531665,0.039049446926961315,0.726856105572825
47,2,FDPS+ATRIP,GEARS,0.04090026325724259,0.3586085554982038,0.04090026325724259,0.7762460675062082
47,2,FDPS+AHCYL1,GEARS,0.05104580209557021,0.11285083085331092,0.05104580209557021,0.6756242564349474
47,2,FDPS+RAD9A,GEARS,0.03923800465180665,0.3652759295123594,0.03923800465180665,0.7116496687148868
47,2,FDPS+LIG4,GEARS,0.032962504279074385,0.39313243218448785,0.032962504279074385,0.7357818067749137
47,2,FDPS+ATR,GEARS,0.04233184637153761,0.3888449772829408,0.04233184637153761,0.7266952474766851
47,2,FDPS+NHEJ1,GEARS,0.03774149753695341,0.3519269222859766,0.03774149753695341,0.7364840088871656
47,2,FDPS+XRCC6,GEARS,0.056021595071133634,0.36402409849830863,0.056021595071133634,0.6904876263859221
47,2,FDPS+PRKDC,GEARS,0.047124586214049996,0.262216114030463,0.047124586214049996,0.6807770577970905
47,2,RRM2B+FDPS,CPA,0.18960755499583354,0.0813194675669392,0.18960755499583354,0.08732884456645
47,2,XRCC5+FDPS,CPA,0.2496106620489303,0.24592576070242714,0.2496106620489303,-0.03835005188103846
47,2,RAD1+FDPS,CPA,0.20482670392372257,0.08366938486628865,0.20482670392372257,0.024622715088365076
47,2,ATM+FDPS,CPA,0.21945557616560282,0.05823763343867437,0.21945557616560282,0.008093842631385711
47,2,CHEK1+FDPS,CPA,0.17720765619264534,0.1391964808573915,0.17720765619264534,0.11614870721869355
47,2,RAD17+FDPS,CPA,0.1998763166025342,0.16365813697796155,0.1998763166025342,-0.0076827579132179935
47,2,FDPS+ATRIP,CPA,0.20447139140582676,0.24071245924628476,0.20447139140582676,0.03366045187204531
47,2,FDPS+AHCYL1,CPA,0.19645982439643384,0.2585537381894327,0.19645982439643384,0.041966744457209534
47,2,FDPS+RAD9A,CPA,0.17615616376355536,0.13537835967241574,0.17615616376355536,0.127583816886865
47,2,FDPS+LIG4,CPA,0.20911266191438183,0.1403300221147668,0.20911266191438183,0.058544817257481015
47,2,FDPS+ATR,CPA,0.21027288514331002,0.29321557942785126,0.21027288514331002,0.04147278635956548
47,2,FDPS+NHEJ1,CPA,0.19738392997694224,0.2435148767199956,0.19738392997694224,0.03459951884746896
47,2,FDPS+XRCC6,CPA,0.2607532440645647,0.14290035692404401,0.2607532440645647,0.01247469132436273
47,2,FDPS+PRKDC,CPA,0.2107238868252075,0.13577471506280686,0.2107238868252075,0.05050737121764039
47,2,RRM2B+FDPS,GEARS+Witness,0.011800141411434432,0.6181930663264228,0.011800141411434435,0.9070061476104356
47,2,XRCC5+FDPS,GEARS+Witness,0.01552266482333843,0.6503325734120602,0.01552266482333843,0.9078712666128937
47,2,RAD1+FDPS,GEARS+Witness,0.009537908335237474,0.7133672538415232,0.009537908335237474,0.9109313345936715
47,2,ATM+FDPS,GEARS+Witness,0.01244449796150433,0.6463873210123992,0.01244449796150433,0.8990188701386473
47,2,CHEK1+FDPS,GEARS+Witness,0.0120076999049161,0.6639400881021353,0.0120076999049161,0.8917672887123282
47,2,RAD17+FDPS,GEARS+Witness,0.00964375812055854,0.6648047049734829,0.00964375812055854,0.9168752917853167
47,2,FDPS+ATRIP,GEARS+Witness,0.010270413734836297,0.6911858550613875,0.010270413734836297,0.9164682401134376
47,2,FDPS+AHCYL1,GEARS+Witness,0.014548688878054003,0.6073147476952468,0.014548688878054003,0.8731880507958731
47,2,FDPS+RAD9A,GEARS+Witness,0.009271821273240633,0.7228005407363277,0.009271821273240633,0.9207083922606412
47,2,FDPS+LIG4,GEARS+Witness,0.010235049337945014,0.6717819565046892,0.010235049337945014,0.9065825775109996
47,2,FDPS+ATR,GEARS+Witness,0.012376785003731024,0.6752277344028883,0.012376785003731024,0.9028069155413706
47,2,FDPS+NHEJ1,GEARS+Witness,0.011331937243199555,0.6749596371218806,0.011331937243199555,0.894722026355183
47,2,FDPS+XRCC6,GEARS+Witness,0.014924723847409968,0.6423773061365985,0.014924723847409968,0.9125476760151565
47,2,FDPS+PRKDC,GEARS+Witness,0.011931920163838981,0.6480231980851403,0.011931920163838981,0.9028392662919242
47,2,RRM2B+FDPS,CPA+Witness,0.011953671023977673,0.6117723547856285,0.011953671023977673,0.907797303038173
47,2,XRCC5+FDPS,CPA+Witness,0.016149126320710423,0.6325225561978899,0.016149126320710423,0.9034010663106437
47,2,RAD1+FDPS,CPA+Witness,0.00984811362896246,0.700855375580098,0.00984811362896246,0.9079442442141795
47,2,ATM+FDPS,CPA+Witness,0.012893237659171703,0.6289432023462613,0.012893237659171703,0.8973973501323419
47,2,CHEK1+FDPS,CPA+Witness,0.01249353599583481,0.6456139210595737,0.012493535995834809,0.8870964898498747
47,2,RAD17+FDPS,CPA+Witness,0.009252195543398543,0.6821294166014686,0.009252195543398543,0.9209156541823003
47,2,FDPS+ATRIP,CPA+Witness,0.009906202173896499,0.7076661740779557,0.009906202173896497,0.9173437273146778
47,2,FDPS+AHCYL1,CPA+Witness,0.013325316937038879,0.6536901991434478,0.013325316937038879,0.881927071947214
47,2,FDPS+RAD9A,CPA+Witness,0.009269955702841328,0.7247915931225767,0.009269955702841328,0.9210084902126988
47,2,FDPS+LIG4,CPA+Witness,0.010350165567825562,0.6673659391530881,0.010350165567825562,0.905980489338919
47,2,FDPS+ATR,CPA+Witness,0.01227830528865542,0.6795739213551989,0.01227830528865542,0.9007111227986365
47,2,FDPS+NHEJ1,CPA+Witness,0.011134845329856738,0.6829958567154386,0.011134845329856738,0.8952836607066481
47,2,FDPS+XRCC6,CPA+Witness,0.01543069279233174,0.6256114285283059,0.01543069279233174,0.9093248893734444
47,2,FDPS+PRKDC,CPA+Witness,0.011766846428779558,0.6549069298780821,0.011766846428779558,0.9050527123591904
47,2,RRM2B+FDPS,WitnessCell,0.01176453801443634,0.6197021295302715,0.01176453801443634,0.9073736594479465
47,2,XRCC5+FDPS,WitnessCell,0.01675171845191547,0.6113644519231234,0.01675171845191547,0.9028502025737775
47,2,RAD1+FDPS,WitnessCell,0.00965009510241655,0.709277532291971,0.00965009510241655,0.9098589897979295
47,2,ATM+FDPS,WitnessCell,0.012589826997713376,0.6412386751322731,0.012589826997713376,0.8982439938607313
47,2,CHEK1+FDPS,WitnessCell,0.01247336856831587,0.6465652289542811,0.01247336856831587,0.8873310597891025
47,2,RAD17+FDPS,WitnessCell,0.009320261225018545,0.6791938093922487,0.009320261225018545,0.9197899606218747
47,2,FDPS+ATRIP,WitnessCell,0.010264403600820725,0.6930177426479895,0.010264403600820725,0.915874183573084
47,2,FDPS+AHCYL1,WitnessCell,0.013842551268497793,0.6339113816154602,0.013842551268497793,0.8789081120987373
47,2,FDPS+RAD9A,WitnessCell,0.009172914890558591,0.7292110812672661,0.009172914890558591,0.92155290351041
47,2,FDPS+LIG4,WitnessCell,0.010361584080115466,0.6669754711079596,0.010361584080115466,0.9053042245651417
47,2,FDPS+ATR,WitnessCell,0.012972606000229548,0.6525499630430033,0.012972606000229548,0.8998959684365234
47,2,FDPS+NHEJ1,WitnessCell,0.011507158449688394,0.6681969033369798,0.011507158449688394,0.8929694411601968
47,2,FDPS+XRCC6,WitnessCell,0.015579754593985185,0.6202427258311579,0.015579754593985185,0.9095098175852934
47,2,FDPS+PRKDC,WitnessCell,0.011790270310476655,0.6540342618659124,0.011790270310476655,0.9040334519781971
59,0,RRM2B+FDPS,Saturation,0.018215901802026094,0.0,0.018215901802026094,0.838877955489819
59,0,XRCC5+FDPS,Saturation,0.027763576329487123,0.0,0.027763576329487123,0.81529329940658
59,0,RAD1+FDPS,Saturation,0.01784677103579004,0.0,0.01784677103579004,0.832421686265074
59,0,ATM+FDPS,Saturation,0.02167448046383936,0.0,0.02167448046383936,0.8134439047666469
59,0,CHEK1+FDPS,Saturation,0.023933772234270678,0.0,0.023933772234270678,0.7915236614650494
59,0,RAD17+FDPS,Saturation,0.016966416410269226,0.0,0.016966416410269226,0.8591191553899864
59,0,FDPS+ATRIP,Saturation,0.01935477561467196,0.0,0.01935477561467196,0.8445946361911204
59,0,FDPS+AHCYL1,Saturation,0.02010348522379368,0.0,0.02010348522379368,0.836883831424795
59,0,FDPS+RAD9A,Saturation,0.017746178560192404,0.0,0.017746178560192404,0.8440101669963296
59,0,FDPS+LIG4,Saturation,0.017931906207468425,0.0,0.017931906207468425,0.8335567762314194
59,0,FDPS+ATR,Saturation,0.019311386292975803,0.0,0.019311386292975803,0.8547762288529482
59,0,FDPS+NHEJ1,Saturation,0.019026117124009253,0.0,0.019026117124009253,0.8231182667028741
59,0,FDPS+XRCC6,Saturation,0.025197687273463866,0.0,0.025197687273463866,0.8575251122466088
59,0,FDPS+PRKDC,Saturation,0.019577169641194325,0.0,0.019577169641194325,0.8348574230242314
59,0,RRM2B+FDPS,GEARS,0.03428139488262903,0.393527071510042,0.03428139488262903,0.7954782228434152
59,0,XRCC5+FDPS,GEARS,0.05491008624918952,0.3777253257936818,0.05491008624918952,0.7016473876782892
59,0,RAD1+FDPS,GEARS,0.04892675916172892,0.3532615979299362,0.04892675916172892,0.6689604255466606
59,0,ATM+FDPS,GEARS,0.04821415192646431,0.28231263678656804,0.04821415192646431,0.7367964297365536
59,0,CHEK1+FDPS,GEARS,0.03766859155136965,0.48499454787643154,0.03766859155136965,0.7647150698782573
59,0,RAD17+FDPS,GEARS,0.040020260497658215,0.27004806325923714,0.040020260497658215,0.7420177102239844
59,0,FDPS+ATRIP,GEARS,0.04458176159979878,0.25148326329739906,0.04458176159979878,0.7057778777621077
59,0,FDPS+AHCYL1,GEARS,0.03901139922512226,0.3444821831935028,0.03901139922512226,0.7814132924841075
59,0,FDPS+RAD9A,GEARS,0.04221041963222888,0.32525895206170885,0.04221041963222888,0.6892582567666695
59,0,FDPS+LIG4,GEARS,0.04598012800761623,0.27421952269288546,0.04598012800761623,0.6768189837257227
59,0,FDPS+ATR,GEARS,0.040719736294437495,0.4345822110821361,0.040719736294437495,0.7553787956319814
59,0,FDPS+NHEJ1,GEARS,0.040066060785581906,0.38015685516046194,0.040066060785581906,0.6757630004432074
59,0,FDPS+XRCC6,GEARS,0.06187958403765133,0.3888799193502498,0.06187958403765133,0.6718888600094488
59,0,FDPS+PRKDC,GEARS,0.04255928040216226,0.35976298344063423,0.04255928040216226,0.6932771871487413
59,0,RRM2B+FDPS,CPA,0.18728405622033548,0.08563960354631617,0.18728405622033548,0.07868218727673473
59,0,XRCC5+FDPS,CPA,0.2259000841064815,0.2845101803594097,0.2259000841064815,0.01745982611292858
59,0,RAD1+FDPS,CPA,0.20400533882884644,0.09867758120205376,0.20400533882884644,0.0584386787934079
59,0,ATM+FDPS,CPA,0.19782601978407055,0.053744776548795364,0.19782601978407055,0.0786759652461981
59,0,CHEK1+FDPS,CPA,0.19648784813121625,0.1668679907050916,0.19648784813121625,0.07309745676924075
59,0,RAD17+FDPS,CPA,0.19563089328371255,0.12022751797359582,0.19563089328371255,0.060344192538014665
59,0,FDPS+ATRIP,CPA,0.20420533623202222,0.13453649437042248,0.20420533623202222,0.0747710933923984
59,0,FDPS+AHCYL1,CPA,0.21303603950529482,0.20180833566856698,0.21303603950529482,0.005154642311735854
59,0,FDPS+RAD9A,CPA,0.17939197522722175,0.12456596628351041,0.17939197522722175,0.12386830159464562
59,0,FDPS+LIG4,CPA,0.18678381700615643,0.1506685425637292,0.18678381700615643,0.07641933434817902
59,0,FDPS+ATR,CPA,0.20316099115754313,0.22613634119206794,0.20316099115754313,0.09080739054688128
59,0,FDPS+NHEJ1,CPA,0.18868494229597424,0.1835226731438164,0.18868494229597424,0.060866142761892984
59,0,FDPS+XRCC6,CPA,0.23495445009512667,0.21938578948913748,0.23495445009512667,-0.00940874056266834
59,0,FDPS+PRKDC,CPA,0.18943650115945299,0.13138260573275237,0.18943650115945299,0.0746477554226737
59,0,RRM2B+FDPS,GEARS+Witness,0.010881871232098892,0.635105209552932,0.010881871232098892,0.9089657250362428
59,0,XRCC5+FDPS,GEARS+Witness,0.016577422511094723,0.6430200808742526,0.016577422511094723,0.8822085215211231
59,0,RAD1+FDPS,GEARS+Witness,0.008857850837036716,0.7100743676095178,0.008857850837036716,0.915246096598407
59,0,ATM+FDPS,GEARS+Witness,0.013175741106147065,0.6272438495894479,0.013175741106147065,0.8912153091526426
59,0,CHEK1+FDPS,GEARS+Witness,0.014676723503115914,0.6230376566623943,0.014676723503115913,0.8704455445060131
59,0,RAD17+FDPS,GEARS+Witness,0.010000126158686985,0.6424897155369587,0.010000126158686985,0.9209004831988761
59,0,FDPS+ATRIP,GEARS+Witness,0.010401068811975295,0.6814986294946125,0.010401068811975294,0.9180238585750995
59,0,FDPS+AHCYL1,GEARS+Witness,0.010770725430665234,0.683656587553061,0.010770725430665234,0.9118297122386325
59,0,FDPS+RAD9A,GEARS+Witness,0.008855777975393846,0.7082528179532968,0.008855777975393846,0.9219707359445184
59,0,FDPS+LIG4,GEARS+Witness,0.009641901116277544,0.6802307725026908,0.009641901116277544,0.9105721359320548
59,0,FDPS+ATR,GEARS+Witness,0.009157340910985728,0.729316446686236,0.009157340910985728,0.9262776771258797
59,0,FDPS+NHEJ1,GEARS+Witness,0.010071288772597583,0.6863076085886993,0.010071288772597583,0.9025069295278179
59,0,FDPS+XRCC6,GEARS+Witness,0.014303146590103758,0.6639144787242823,0.014303146590103757,0.9159668010894205
59,0,FDPS+PRKDC,GEARS+Witness,0.011213944535341063,0.6536047553129879,0.011213944535341063,0.907559351115402
59,0,RRM2B+FDPS,CPA+Witness,0.011383963438041753,0.6140125895990334,0.011383963438041754,0.907760894850032
59,0,XRCC5+FDPS,CPA+Witness,0.01683145137158712,0.635392689346164,0.01683145137158712,0.8785169371910904
59,0,RAD1+FDPS,CPA+Witness,0.008887379643771752,0.7099049192637368,0.00888737964377175,0.9150947604172436
59,0,ATM+FDPS,CPA+Witness,0.01388140788923074,0.5996461649884164,0.01388140788923074,0.887027255341886
59,0,CHEK1+FDPS,CPA+Witness,0.015665185601718427,0.5879128177107821,0.015665185601718427,0.8605148834233475
59,0,RAD17+FDPS,CPA+Witness,0.009787337771488526,0.6513828487784504,0.009787337771488526,0.9254454085549345
59,0,FDPS+ATRIP,CPA+Witness,0.010135122414968787,0.6921795721549043,0.010135122414968788,0.9213834057687394
59,0,FDPS+AHCYL1,CPA+Witness,0.010749478287163543,0.6843855207189168,0.010749478287163541,0.9123410383086512
59,0,FDPS+RAD9A,CPA+Witness,0.008595416159957204,0.7201098383548512,0.008595416159957202,0.9249796494423737
59,0,FDPS+LIG4,CPA+Witness,0.009641737623210845,0.6801144805337038,0.009641737623210845,0.9111047959933506
59,0,FDPS+ATR,CPA+Witness,0.009452734087245243,0.7185859143434862,0.009452734087245243,0.9228064217102984
59,0,FDPS+NHEJ1,CPA+Witness,0.009787570144428924,0.6989845971477116,0.009787570144428924,0.9050542562098356
59,0,FDPS+XRCC6,CPA+Witness,0.01499225043548,0.6410428944727685,0.01499225043548,0.9117570083119834
59,0,FDPS+PRKDC,CPA+Witness,0.011265528272159474,0.651789832851842,0.011265528272159474,0.9078578943787158
59,0,RRM2B+FDPS,WitnessCell,0.011301921473169779,0.6175283862449369,0.011301921473169779,0.9066740425722152
59,0,XRCC5+FDPS,WitnessCell,0.017466718262352104,0.6142008277772143,0.017466718262352104,0.8770563200624212
59,0,RAD1+FDPS,WitnessCell,0.00878313980304345,0.7142352063738961,0.00878313980304345,0.9159914205187488
59,0,ATM+FDPS,WitnessCell,0.013673056013950816,0.6075944117913474,0.013673056013950816,0.887723718084576
59,0,CHEK1+FDPS,WitnessCell,0.015836444454738193,0.5816867679652536,0.015836444454738193,0.8595635011936429
59,0,RAD17+FDPS,WitnessCell,0.00970974836784437,0.6546359743461063,0.00970974836784437,0.9243280207615829
59,0,FDPS+ATRIP,WitnessCell,0.010138125280671623,0.6920226286940916,0.010138125280671623,0.9203222048479507
59,0,FDPS+AHCYL1,WitnessCell,0.010957575542318796,0.67621244818642,0.010957575542318796,0.9101672591695212
59,0,FDPS+RAD9A,WitnessCell,0.008575053722488646,0.72078754565422,0.008575053722488646,0.9245531441043536
59,0,FDPS+LIG4,WitnessCell,0.009680200995319868,0.6784922758102047,0.009680200995319868,0.9101822227680973
59,0,FDPS+ATR,WitnessCell,0.009687741285028442,0.7092447598241983,0.009687741285028442,0.9223013039063198
59,0,FDPS+NHEJ1,WitnessCell,0.00994280475160362,0.6925461303794682,0.00994280475160362,0.9040292944222068
59,0,FDPS+XRCC6,WitnessCell,0.015290070163246227,0.6309462530819178,0.015290070163246227,0.9109134091455687
59,0,FDPS+PRKDC,WitnessCell,0.01128458978357492,0.6509968323454175,0.01128458978357492,0.9067275640001292
59,1,RRM2B+FDPS,Saturation,0.018215901802026094,0.0,0.018215901802026094,0.838877955489819
59,1,XRCC5+FDPS,Saturation,0.027763576329487123,0.0,0.027763576329487123,0.81529329940658
59,1,RAD1+FDPS,Saturation,0.01784677103579004,0.0,0.01784677103579004,0.832421686265074
59,1,ATM+FDPS,Saturation,0.02167448046383936,0.0,0.02167448046383936,0.8134439047666469
59,1,CHEK1+FDPS,Saturation,0.023933772234270678,0.0,0.023933772234270678,0.7915236614650494
59,1,RAD17+FDPS,Saturation,0.016966416410269226,0.0,0.016966416410269226,0.8591191553899864
59,1,FDPS+ATRIP,Saturation,0.01935477561467196,0.0,0.01935477561467196,0.8445946361911204
59,1,FDPS+AHCYL1,Saturation,0.02010348522379368,0.0,0.02010348522379368,0.836883831424795
59,1,FDPS+RAD9A,Saturation,0.017746178560192404,0.0,0.017746178560192404,0.8440101669963296
59,1,FDPS+LIG4,Saturation,0.017931906207468425,0.0,0.017931906207468425,0.8335567762314194
59,1,FDPS+ATR,Saturation,0.019311386292975803,0.0,0.019311386292975803,0.8547762288529482
59,1,FDPS+NHEJ1,Saturation,0.019026117124009253,0.0,0.019026117124009253,0.8231182667028741
59,1,FDPS+XRCC6,Saturation,0.025197687273463866,0.0,0.025197687273463866,0.8575251122466088
59,1,FDPS+PRKDC,Saturation,0.019577169641194325,0.0,0.019577169641194325,0.8348574230242314
59,1,RRM2B+FDPS,GEARS,0.03383988493672985,0.3798179167023151,0.03383988493672985,0.7983827406942495
59,1,XRCC5+FDPS,GEARS,0.0488067173561782,0.4752002138191576,0.0488067173561782,0.7241089753220268
59,1,RAD1+FDPS,GEARS,0.04954520799493559,0.28232606616844386,0.04954520799493559,0.6230208950638767
59,1,ATM+FDPS,GEARS,0.05084036189596175,0.29225126664272644,0.05084036189596175,0.7104158007153638
59,1,CHEK1+FDPS,GEARS,0.03431773144716684,0.5317336914535405,0.03431773144716684,0.7965152568093499
59,1,RAD17+FDPS,GEARS,0.04720714124515808,0.21872328562261614,0.04720714124515808,0.7101316207913099
59,1,FDPS+ATRIP,GEARS,0.04253173216121363,0.25115989279976153,0.04253173216121363,0.7213536881702023
59,1,FDPS+AHCYL1,GEARS,0.04100405195761538,0.3013162288614358,0.04100405195761538,0.7827732863628019
59,1,FDPS+RAD9A,GEARS,0.04060326272378608,0.2928910280793642,0.04060326272378608,0.6931337775282214
59,1,FDPS+LIG4,GEARS,0.04521900115474905,0.3083797238043057,0.04521900115474905,0.7180899809486149
59,1,FDPS+ATR,GEARS,0.04175337246776149,0.4801490669300801,0.04175337246776149,0.7637010756545668
59,1,FDPS+NHEJ1,GEARS,0.03597520553299839,0.3867598338117504,0.03597520553299839,0.7112739671244562
59,1,FDPS+XRCC6,GEARS,0.05911947190104422,0.44331843578200086,0.05911947190104422,0.6794129353997336
59,1,FDPS+PRKDC,GEARS,0.046709043236495565,0.4433522481911196,0.046709043236495565,0.7254395118266637
59,1,RRM2B+FDPS,CPA,0.17536557693624213,0.09540380551746713,0.17536557693624213,0.21081926127217768
59,1,XRCC5+FDPS,CPA,0.20872661121198138,0.25499956076294195,0.20872661121198138,0.09800232134900307
59,1,RAD1+FDPS,CPA,0.17433915938736447,0.10354781063364916,0.17433915938736447,0.13896167331322326
59,1,ATM+FDPS,CPA,0.1740476663816699,0.08032728921055131,0.1740476663816699,0.1738963413112882
59,1,CHEK1+FDPS,CPA,0.17825220535056632,0.13448236644620537,0.17825220535056632,0.15582201206314206
59,1,RAD17+FDPS,CPA,0.19580542110681418,0.052933722167385934,0.19580542110681418,0.10123525664185873
59,1,FDPS+ATRIP,CPA,0.1868515240550028,0.10231626820147659,0.1868515240550028,0.15711004777946838
59,1,FDPS+AHCYL1,CPA,0.19142338801947448,0.14661580283272582,0.19142338801947448,0.15062888267756958
59,1,FDPS+RAD9A,CPA,0.18296779346718306,0.1020653270677756,0.18296779346718306,0.1291435289880435
59,1,FDPS+LIG4,CPA,0.1723829832827375,0.12836370773251304,0.1723829832827375,0.17563669217552835
59,1,FDPS+ATR,CPA,0.19907071132138518,0.2049755346277186,0.19907071132138518,0.05529549002136745
59,1,FDPS+NHEJ1,CPA,0.1769370665859835,0.18516172974787568,0.1769370665859835,0.15119377114622481
59,1,FDPS+XRCC6,CPA,0.22168323251692193,0.17583348199375035,0.22168323251692193,0.10462822102376518
59,1,FDPS+PRKDC,CPA,0.18709052788770128,0.12424018795234423,0.18709052788770128,0.14988941126921032
59,1,RRM2B+FDPS,GEARS+Witness,0.010979031896970025,0.6310544962475602,0.010979031896970025,0.9079719152031284
59,1,XRCC5+FDPS,GEARS+Witness,0.016208868421453887,0.6529708685636143,0.016208868421453887,0.8845593256105895
59,1,RAD1+FDPS,GEARS+Witness,0.009013784413194212,0.7041331851264311,0.009013784413194212,0.9136976415056582
59,1,ATM+FDPS,GEARS+Witness,0.013317288969276413,0.6212795953281908,0.013317288969276413,0.8901460067119484
59,1,CHEK1+FDPS,GEARS+Witness,0.014539557599369105,0.6277143360927266,0.014539557599369105,0.8718621880803196
59,1,RAD17+FDPS,GEARS+Witness,0.010032670460236636,0.640757011956031,0.010032670460236636,0.9206551106914029
59,1,FDPS+ATRIP,GEARS+Witness,0.010407385955658387,0.6813205873064763,0.010407385955658387,0.9178850132730358
59,1,FDPS+AHCYL1,GEARS+Witness,0.01089487718450591,0.6790665951883894,0.01089487718450591,0.9108250154969882
59,1,FDPS+RAD9A,GEARS+Witness,0.008800408725772962,0.7111274941092481,0.008800408725772962,0.9225388361328304
59,1,FDPS+LIG4,GEARS+Witness,0.009732886558724113,0.6762022679634894,0.009732886558724113,0.90954161443536
59,1,FDPS+ATR,GEARS+Witness,0.009181879985981283,0.7267465545480283,0.009181879985981283,0.9263457639011872
59,1,FDPS+NHEJ1,GEARS+Witness,0.009958620970237718,0.6910853199398928,0.009958620970237718,0.9037229211848117
59,1,FDPS+XRCC6,GEARS+Witness,0.014200725114617839,0.6657633983794526,0.01420072511461784,0.9165627244522158
59,1,FDPS+PRKDC,GEARS+Witness,0.010881393031265648,0.6664679517551266,0.010881393031265648,0.9101048524344939
59,1,RRM2B+FDPS,CPA+Witness,0.011333420130819,0.6159922722190926,0.011333420130819,0.9078107601741565
59,1,XRCC5+FDPS,CPA+Witness,0.016911253762362022,0.6327158566909752,0.016911253762362022,0.8780091946349488
59,1,RAD1+FDPS,CPA+Witness,0.008913038178739615,0.7088387568975827,0.008913038178739615,0.9148167497736737
59,1,ATM+FDPS,CPA+Witness,0.013799012214516331,0.6027869952043626,0.01379901221451633,0.8877293314499257
59,1,CHEK1+FDPS,CPA+Witness,0.015760617572812684,0.5844652160307642,0.015760617572812684,0.8596675192817773
59,1,RAD17+FDPS,CPA+Witness,0.009966923318143611,0.6435654140411791,0.009966923318143613,0.9236987728814637
59,1,FDPS+ATRIP,CPA+Witness,0.010254435017757742,0.68739288096789,0.01025443501775774,0.920204994218695
59,1,FDPS+AHCYL1,CPA+Witness,0.010885729143742012,0.6792030382290348,0.010885729143742015,0.9110154954525371
59,1,FDPS+RAD9A,CPA+Witness,0.008736823766210587,0.7139458063446399,0.008736823766210587,0.9236653790487933
59,1,FDPS+LIG4,CPA+Witness,0.009685338749150741,0.6783231759384439,0.009685338749150741,0.9105681822935376
59,1,FDPS+ATR,CPA+Witness,0.009509091652980447,0.7162487175850606,0.009509091652980447,0.9221011515975063
59,1,FDPS+NHEJ1,CPA+Witness,0.009793376522056328,0.6987098580979231,0.009793376522056328,0.9050178265135123
59,1,FDPS+XRCC6,CPA+Witness,0.015064248717084228,0.6389099476673866,0.015064248717084226,0.9113576445387411
59,1,FDPS+PRKDC,CPA+Witness,0.011283822326931304,0.6510646478145335,0.0112838223269313,0.907622285559931
59,1,RRM2B+FDPS,WitnessCell,0.011301921473169779,0.6175283862449369,0.011301921473169779,0.9066740425722152
59,1,XRCC5+FDPS,WitnessCell,0.017466718262352104,0.6142008277772143,0.017466718262352104,0.8770563200624212
59,1,RAD1+FDPS,WitnessCell,0.00878313980304345,0.7142352063738961,0.00878313980304345,0.9159914205187488
59,1,ATM+FDPS,WitnessCell,0.013673056013950816,0.6075944117913474,0.013673056013950816,0.887723718084576
59,1,CHEK1+FDPS,WitnessCell,0.015836444454738193,0.5816867679652536,0.015836444454738193,0.8595635011936429
59,1,RAD17+FDPS,WitnessCell,0.00970974836784437,0.6546359743461063,0.00970974836784437,0.9243280207615829
59,1,FDPS+ATRIP,WitnessCell,0.010138125280671623,0.6920226286940916,0.010138125280671623,0.9203222048479507
59,1,FDPS+AHCYL1,WitnessCell,0.010957575542318796,0.67621244818642,0.010957575542318796,0.9101672591695212
59,1,FDPS+RAD9A,WitnessCell,0.008575053722488646,0.72078754565422,0.008575053722488646,0.9245531441043536
59,1,FDPS+LIG4,WitnessCell,0.009680200995319868,0.6784922758102047,0.009680200995319868,0.9101822227680973
59,1,FDPS+ATR,WitnessCell,0.009687741285028442,0.7092447598241983,0.009687741285028442,0.9223013039063198
59,1,FDPS+NHEJ1,WitnessCell,0.00994280475160362,0.6925461303794682,0.00994280475160362,0.9040292944222068
59,1,FDPS+XRCC6,WitnessCell,0.015290070163246227,0.6309462530819178,0.015290070163246227,0.9109134091455687
59,1,FDPS+PRKDC,WitnessCell,0.01128458978357492,0.6509968323454175,0.01128458978357492,0.9067275640001292
59,2,RRM2B+FDPS,Saturation,0.018215901802026094,0.0,0.018215901802026094,0.838877955489819
59,2,XRCC5+FDPS,Saturation,0.027763576329487123,0.0,0.027763576329487123,0.81529329940658
59,2,RAD1+FDPS,Saturation,0.01784677103579004,0.0,0.01784677103579004,0.832421686265074
59,2,ATM+FDPS,Saturation,0.02167448046383936,0.0,0.02167448046383936,0.8134439047666469
59,2,CHEK1+FDPS,Saturation,0.023933772234270678,0.0,0.023933772234270678,0.7915236614650494
59,2,RAD17+FDPS,Saturation,0.016966416410269226,0.0,0.016966416410269226,0.8591191553899864
59,2,FDPS+ATRIP,Saturation,0.01935477561467196,0.0,0.01935477561467196,0.8445946361911204
59,2,FDPS+AHCYL1,Saturation,0.02010348522379368,0.0,0.02010348522379368,0.836883831424795
59,2,FDPS+RAD9A,Saturation,0.017746178560192404,0.0,0.017746178560192404,0.8440101669963296
59,2,FDPS+LIG4,Saturation,0.017931906207468425,0.0,0.017931906207468425,0.8335567762314194
59,2,FDPS+ATR,Saturation,0.019311386292975803,0.0,0.019311386292975803,0.8547762288529482
59,2,FDPS+NHEJ1,Saturation,0.019026117124009253,0.0,0.019026117124009253,0.8231182667028741
59,2,FDPS+XRCC6,Saturation,0.025197687273463866,0.0,0.025197687273463866,0.8575251122466088
59,2,FDPS+PRKDC,Saturation,0.019577169641194325,0.0,0.019577169641194325,0.8348574230242314
59,2,RRM2B+FDPS,GEARS,0.0337604135065516,0.31288819931063866,0.0337604135065516,0.7594671857741488
59,2,XRCC5+FDPS,GEARS,0.05045898546046314,0.44867168033841304,0.05045898546046314,0.7279931518072357
59,2,RAD1+FDPS,GEARS,0.04628366217907807,0.3241084909190152,0.04628366217907807,0.6635685067879796
59,2,ATM+FDPS,GEARS,0.050835934389704726,0.2596225061350872,0.050835934389704726,0.6793826834394356
59,2,CHEK1+FDPS,GEARS,0.03505648544394092,0.5018752497763406,0.03505648544394092,0.7665252635485789
59,2,RAD17+FDPS,GEARS,0.04232904427827862,0.2105736187062385,0.04232904427827862,0.7021781305319627
59,2,FDPS+ATRIP,GEARS,0.044751715724636494,0.20827902425536876,0.044751715724636494,0.6826870595553831
59,2,FDPS+AHCYL1,GEARS,0.03888238309265921,0.3119602247831497,0.03888238309265921,0.7585635642372159
59,2,FDPS+RAD9A,GEARS,0.038985888383432726,0.29677292877995615,0.038985888383432726,0.6800424233189462
59,2,FDPS+LIG4,GEARS,0.04340982222936595,0.2781344843365214,0.04340982222936595,0.72748876452479
59,2,FDPS+ATR,GEARS,0.03962147944913653,0.4566468191519223,0.03962147944913653,0.7595248190380981
59,2,FDPS+NHEJ1,GEARS,0.03613332959721656,0.40642567370041016,0.03613332959721656,0.6842349321184877
59,2,FDPS+XRCC6,GEARS,0.0617899070878036,0.40460389920537615,0.0617899070878036,0.6589083303644915
59,2,FDPS+PRKDC,GEARS,0.04484998870460777,0.35655070758895524,0.04484998870460777,0.6893020564403609
59,2,RRM2B+FDPS,CPA,0.22410640797410286,0.0820021475006404,0.22410640797410286,0.09199514123192637
59,2,XRCC5+FDPS,CPA,0.22567984260283394,0.1663747395314244,0.22567984260283394,0.10822137961414818
59,2,RAD1+FDPS,CPA,0.2169404173573774,0.14560953074467214,0.2169404173573774,-0.00807610419608547
59,2,ATM+FDPS,CPA,0.20507807161398295,0.0693442087251786,0.20507807161398295,0.09028286195738727
59,2,CHEK1+FDPS,CPA,0.18395387283977677,0.22169824744751543,0.18395387283977677,0.1037200848233709
59,2,RAD17+FDPS,CPA,0.20003618267020715,0.08597848394379823,0.20003618267020715,0.00020499782613108897
59,2,FDPS+ATRIP,CPA,0.19038563675070805,0.13217133304849515,0.19038563675070805,0.11235482638830685
59,2,FDPS+AHCYL1,CPA,0.20325817747312458,0.11701348616905437,0.20325817747312458,0.07064706585398053
59,2,FDPS+RAD9A,CPA,0.18341207936807516,0.16332019677554702,0.18341207936807516,0.11512561040394721
59,2,FDPS+LIG4,CPA,0.18937432361558923,0.1204760761112322,0.18937432361558923,0.08059830163131514
59,2,FDPS+ATR,CPA,0.19570649240610224,0.20783391805581003,0.19570649240610224,0.007927556961461402
59,2,FDPS+NHEJ1,CPA,0.1834291658517474,0.18555070577736643,0.1834291658517474,0.056628866865244494
59,2,FDPS+XRCC6,CPA,0.22918796995893068,0.17237041997261476,0.22918796995893068,0.0290043935869307
59,2,FDPS+PRKDC,CPA,0.21928655161804964,0.11009157434150565,0.21928655161804964,0.05064742050314761
59,2,RRM2B+FDPS,GEARS+Witness,0.011232275945129726,0.6202346132261087,0.011232275945129726,0.9066824461773438
59,2,XRCC5+FDPS,GEARS+Witness,0.016582345191392303,0.6421667840279139,0.016582345191392303,0.8825286514458537
59,2,RAD1+FDPS,GEARS+Witness,0.008873499147827155,0.7099268099326147,0.008873499147827155,0.9150870214434604
59,2,ATM+FDPS,GEARS+Witness,0.013399406829016169,0.6183217682544672,0.013399406829016169,0.8900755731803526
59,2,CHEK1+FDPS,GEARS+Witness,0.014924392761876869,0.6144583408696257,0.014924392761876869,0.8680037590864395
59,2,RAD17+FDPS,GEARS+Witness,0.010047531347098813,0.6401482749452292,0.01004753134709881,0.9211184031391311
59,2,FDPS+ATRIP,GEARS+Witness,0.010350828403569113,0.6839815992305941,0.010350828403569113,0.9186719212152932
59,2,FDPS+AHCYL1,GEARS+Witness,0.010960197819613257,0.6761846047028951,0.010960197819613257,0.9101526530010201
59,2,FDPS+RAD9A,GEARS+Witness,0.008744399064985217,0.7135439106051423,0.008744399064985217,0.9231863265844227
59,2,FDPS+LIG4,GEARS+Witness,0.009743356600109455,0.6758540867279523,0.009743356600109457,0.9094510277016775
59,2,FDPS+ATR,GEARS+Witness,0.009297633785253433,0.7236742538591548,0.009297633785253435,0.9252166356545081
59,2,FDPS+NHEJ1,GEARS+Witness,0.00977863805989272,0.6986885230981533,0.00977863805989272,0.9053358933812712
59,2,FDPS+XRCC6,GEARS+Witness,0.014533475788723535,0.6560313904735087,0.014533475788723535,0.9146663031435402
59,2,FDPS+PRKDC,GEARS+Witness,0.011373091767591147,0.647381862738601,0.011373091767591145,0.9059424315009241
59,2,RRM2B+FDPS,CPA+Witness,0.011360233039005475,0.6149985900647307,0.011360233039005475,0.9076875008906483
59,2,XRCC5+FDPS,CPA+Witness,0.017308767277540084,0.6194659580433733,0.017308767277540084,0.8760932296810525
59,2,RAD1+FDPS,CPA+Witness,0.008798680862416034,0.7134673367222687,0.008798680862416036,0.9160333196547419
59,2,ATM+FDPS,CPA+Witness,0.013742395620439843,0.6049576001550722,0.013742395620439843,0.8882897953151012
59,2,CHEK1+FDPS,CPA+Witness,0.01553032959297401,0.5928133372390172,0.015530329592974007,0.8618187756346292
59,2,RAD17+FDPS,CPA+Witness,0.009833654450970584,0.6493195401928623,0.009833654450970584,0.9250034747049429
59,2,FDPS+ATRIP,CPA+Witness,0.010117899219278999,0.6929968986662127,0.010117899219278999,0.9213383652316859
59,2,FDPS+AHCYL1,CPA+Witness,0.01096027143493142,0.676248227703585,0.01096027143493142,0.9103242599763287
59,2,FDPS+RAD9A,CPA+Witness,0.008550426262716088,0.7217966197094676,0.008550426262716088,0.9253685202047552
59,2,FDPS+LIG4,CPA+Witness,0.009658350455542841,0.6794792138776143,0.009658350455542841,0.9108522097665702
59,2,FDPS+ATR,CPA+Witness,0.009535768760322014,0.7152672633663598,0.009535768760322014,0.9221049605072872
59,2,FDPS+NHEJ1,CPA+Witness,0.009853718911747987,0.6961156459765565,0.009853718911747989,0.9044256568718605
59,2,FDPS+XRCC6,CPA+Witness,0.015141092037233432,0.6360839692364948,0.015141092037233432,0.9109845412741401
59,2,FDPS+PRKDC,CPA+Witness,0.01133842364224684,0.6488269284769189,0.011338423642246838,0.9070705665536053
59,2,RRM2B+FDPS,WitnessCell,0.011301921473169779,0.6175283862449369,0.011301921473169779,0.9066740425722152
59,2,XRCC5+FDPS,WitnessCell,0.017466718262352104,0.6142008277772143,0.017466718262352104,0.8770563200624212
59,2,RAD1+FDPS,WitnessCell,0.00878313980304345,0.7142352063738961,0.00878313980304345,0.9159914205187488
59,2,ATM+FDPS,WitnessCell,0.013673056013950816,0.6075944117913474,0.013673056013950816,0.887723718084576
59,2,CHEK1+FDPS,WitnessCell,0.015836444454738193,0.5816867679652536,0.015836444454738193,0.8595635011936429
59,2,RAD17+FDPS,WitnessCell,0.00970974836784437,0.6546359743461063,0.00970974836784437,0.9243280207615829
59,2,FDPS+ATRIP,WitnessCell,0.010138125280671623,0.6920226286940916,0.010138125280671623,0.9203222048479507
59,2,FDPS+AHCYL1,WitnessCell,0.010957575542318796,0.67621244818642,0.010957575542318796,0.9101672591695212
59,2,FDPS+RAD9A,WitnessCell,0.008575053722488646,0.72078754565422,0.008575053722488646,0.9245531441043536
59,2,FDPS+LIG4,WitnessCell,0.009680200995319868,0.6784922758102047,0.009680200995319868,0.9101822227680973
59,2,FDPS+ATR,WitnessCell,0.009687741285028442,0.7092447598241983,0.009687741285028442,0.9223013039063198
59,2,FDPS+NHEJ1,WitnessCell,0.00994280475160362,0.6925461303794682,0.00994280475160362,0.9040292944222068
59,2,FDPS+XRCC6,WitnessCell,0.015290070163246227,0.6309462530819178,0.015290070163246227,0.9109134091455687
59,2,FDPS+PRKDC,WitnessCell,0.01128458978357492,0.6509968323454175,0.01128458978357492,0.9067275640001292
